time,type,sentCurrency,sentQuantity,receivedCurrency,receivedQuantity,feeCurrency,feeQuantity,id,description
2023-04-18 16:10:06,,,,ALGO,25.,,,OMBBPHQGVZ7NPDR37YONFD2BBRE7LFKURZR3NONYMMUXDCBXE6BA,Receiver
2023-04-21 17:49:42,,,,ALGO,147.,,,CICN3XBQZSSVO47PQ5XTZSWGV5QZFSW6RBMPHQUL2VBBY2CAIYBA,Receiver
2023-04-21 17:51:25,,ALGO,0.715,,,ALGO,0.002,uU/UueUxqJ5XfTDuONBhm7SSy+H9f8/M9QafI4Fey90=,2 txns. Algofi : Lending Market v2 : Initialize Account
2023-04-21 17:52:06,,ALGO,0.471,,,ALGO,0.004,2ZbXR6RpNJWuQbQPp/6kxFVIeK4eKhC5xb1UeJ/lKkg=,3 txns. Algofi : Lending Market v2 : Initialize Account
2023-04-21 17:52:28,,ALGO,80.,,,ALGO,0.004,HMqbcmXUww/UYSoer+x8zgjCtHL2+WeZeSbPQ5kSku4=,3 txns. Algofi : Lending Market v2 : Add to Collateral
2023-04-21 17:53:13,,ALGO,80.,,,ALGO,0.009,1CCxQDJjnVqT2MOUpYpe+fmybqGFgIfQmjjlzOos7fo=,5 txns. Folks Finance : Folks Finance v2 : Deposit
2023-04-21 17:53:13,,ALGO,0.35,,,,,Combo 2 1CCxQDJjnVqT2MOUpYpe+fmybqGFgIfQmjjlzOos7fo=,5 txns. Folks Finance : Folks Finance v2 : Deposit
2023-04-22 09:51:38,,,,ALGO,175.,,,KLN2B7W66HTE2MRNSMDFM7GUPPXMNEHGSV6E2MMTLECYPDBBKVIA,Receiver
2023-04-22 10:27:26,,ALGO,90.,,,ALGO,0.005,EEI24TaGCpVv6gmicwhdBusVnDi4AOiNRLcSKx0+ksg=,3 txns. Folks Finance : Folks Finance v2 : Deposit
2023-04-22 10:28:14,,ALGO,90.,,,ALGO,0.003,H71DSsoWeIm27ttV8dVpV6IQrQaHfeUZuH+nh01F3YA=,2 txns. Algofi : Lending Market v2 : Add to Collateral
2023-04-23 15:08:28,,ALGO,1.001,,,ALGO,0.001,2QYDLKRFGBG4ITDH7FGT7Q7DE2JG6LPWIPPQTFXOLXFCKT3VO65A,Sender
2023-04-25 11:11:52,,,,ALGO,10.000002,ALGO,0.004,l4ayaAnr0Pu0bIip9I9d6t2zylmCcOwexjeGauKlQng=,1 txns. Algofi : Lending Market v2 : Remove Collateral
2023-04-25 11:12:25,,ALGO,10.,,,ALGO,0.001,L4SOXI7TDHIXSUEAFWPFWETDYANOBF4AONZ4PNMLYGAQM2PRDJ2Q,Sender
2023-04-27 18:29:5,,,,ALGO,6.173,,,FM3DPD32LJEWBGTUHXW7ZJUV43ISJKIC7M6NPTFN3QD4WQI5YKXA,Receiver
2023-04-28 06:25:23,,ALGO,5.,,,ALGO,0.001,F22I3MYEC2ISNM5RSMWR2LPSYINP4CAP4YDSMHXO5FVACXHNKGOQ,Sender
2023-04-28 06:50:33,,,,ALGO,1.108,,,HXPXEjTajVDhPpIiRE8b9zSFHoVjyx9GInx4fPV3OfA=,1 txns. 
2023-04-28 06:51:07,,ALGO,1.,NFD,1.,ALGO,0.009,nJpIRDDUDY7YkkNvoTJqz1LCDkozEMgsx0tQHtkCE2E=,3 txns. 
2023-04-28 07:02:45,,,,ALGO,150.00003,ALGO,0.004,yAumQAv7UguHCgPtWTeTzHU8hheXTYgNTxKC8BJ7ksY=,1 txns. Algofi : Lending Market v2 : Remove Collateral
2023-04-28 07:10:15,,ALGO,135.,,,ALGO,0.003,0Ev+RMrdsU8CKCnh26ESPLXBsa/boTp9Jon3beWH5zQ=,3 txns. 
2023-04-28 07:14:07,,ALGO,0.001,,,ALGO,0.002,3WNopsBF8B2YyY2eGBSS49o5AKuIm54iuArg3lOFNtQ=,2 txns. 
2023-04-28 07:14:07,,ALGO,1.002,,,,,Combo 2 3WNopsBF8B2YyY2eGBSS49o5AKuIm54iuArg3lOFNtQ=,2 txns. 
2023-04-28 07:16:38,,ALGO,0.001,,,ALGO,0.001,OrkygGC47nU9BRX12yS2utcYh+Ojoijz6I0BA252umA=,1 txns. 
2023-04-28 07:52:09,,ALGO,0.001,c-block,1.,ALGO,0.004,gGXUgDTQtQH6hlj9vFpmgxhebikQvMBmMO+GfWKIbVg=,5 txns. 
2023-04-28 07:52:09,,ALGO,4.95,,,,,Combo 2 gGXUgDTQtQH6hlj9vFpmgxhebikQvMBmMO+GfWKIbVg=,5 txns. 
2023-04-28 07:52:09,,ALGO,0.05,,,,,Combo 3 gGXUgDTQtQH6hlj9vFpmgxhebikQvMBmMO+GfWKIbVg=,5 txns. 
2023-04-28 20:55:53,,,,ALGO,135.,,,AZ8QU9Hw9UR+QRa8JWY1TSmj96Cy2F0gCpoZVeUHuoY=,1 txns. 
2023-04-28 22:09:5,,,,ALGO,50.,ALGO,0.006,A/hO61wWnvgwX+PeEWRuT0wiDFq/n6ElkNbp/3S0bqA=,1 txns. Folks Finance :  : 
2023-04-28 22:10:43,,ALGO,175.,,,ALGO,0.004,hGCrqU0J3YJsSJuFF8QP3AuwF39dzqH3wNytADybr1E=,4 txns. 
2023-04-28 22:10:43,,ALGO,0.001,,,,,Combo 2 hGCrqU0J3YJsSJuFF8QP3AuwF39dzqH3wNytADybr1E=,4 txns. 
2023-04-29 03:29:47,,,,ALGO,175.,,,YAwKzocuPbJPWwnFa09XR+IYU4grsQVPSVrMcJ54uXU=,1 txns. 
2023-04-29 08:00:47,,ALGO,30.,,,ALGO,0.005,gGSIumT43eFA0sQcsljidJYGzDQuJ4DmVsEqG2JPBgQ=,3 txns. Folks Finance : Folks Finance v2 : Deposit
2023-04-29 08:01:35,,ALGO,160.,,,ALGO,0.003,MsRJOO+cQibNnjEe2eE4hv+nb2ZFlDlsSS4yus9Q87Q=,2 txns. Algofi : Lending Market v2 : Add to Collateral
2023-04-29 14:20:21,,ALGO,0.002,,,ALGO,0.001,mcJkrH1YidBS45Dlifj1qYrgIkILOdX8yhCgjSekEmk=,1 txns. 
2023-05-03 10:35:58,,,,ALGO,100.000021,ALGO,0.004,zyDJ2flqICzCvhvwf0rec5tpm7saboZqdrNe/s06l7M=,1 txns. Algofi : Lending Market v2 : Remove Collateral
2023-05-03 10:49:56,,,,ALGO,100.,ALGO,0.006,h3ZwdF5ii6vlYx4aRHrGdv2eWggZ1niy4poE8+GHaKc=,1 txns. Folks Finance :  : 
2023-05-03 10:50:34,,ALGO,200.,,,ALGO,0.001,7VOOOLWRRW25TXFNOISOCZPT7KJUKA3665WYEVJPX7JEEB34FY5Q,Sender
2023-05-05 19:56:2,,,,ALGO,20.,,,Y5KSZ4P3QVTRHUASX4U4ARNHKN6MLSPW2XGJIJGZBOTCOASMCNTQ,Receiver
2023-05-05 19:57:04,,ALGO,25.,,,ALGO,0.003,AJ3jz9+SErIO2Ww8tzchmi45+VVA8ixEnQPqekmD4Ec=,2 txns. Algofi : Lending Market v2 : Add to Collateral
2023-05-20 11:13:03,,,,ALGO,10.000024,ALGO,0.004,b93eFMysKwqpDRVLLvjI8SyHD/cp7GQ2QkW55C7JUE4=,1 txns. Algofi : Lending Market v2 : Remove Collateral
2023-05-20 11:14:45,,ALGO,10.,TMPOOL2,34.763861,ALGO,0.005,CIS1ArJZSI+T9SspCIzNvYEpYZWH/gZ3EDlrz4HC/1M=,3 txns. Tinyman : Tinyman AMM v2 : Add Liquidity
2023-05-21 08:06:51,,dooofy,0.,,,,,4HIYTO36XYTG5YISY7MKJX5F4Q6YXNYZIF4ZFXBDSHVU5NIBRB6Q,Asset Opt in/out
2023-05-21 08:07:06,,COOP,0.,,,,,XYRVWGTEHLI63BI7XZCMS4I35K5EQF2ENK6TI3EGV4J44VFBX72A,Asset Opt in/out
2023-05-21 09:54:58,,,,ALGO,10.000001,ALGO,0.004,7gQcHWtIQH5eCqUcCGYrxHroy0bf4yfVsfIooBTwMAs=,1 txns. Algofi : Lending Market v2 : Remove Collateral
2023-05-21 09:56:45,,,,COOP,69.,ALGO,0.01,lhOxUix4H0XQZAtgqfTfszxHyW/xAJInrm44W5NmKdk=,2 txns. Tinyman : Tinyman AMM v2 : Swap (Buy)
2023-05-21 09:56:45,,ALGO,2.038963,ALGO,0.010144,,,Combo 2 lhOxUix4H0XQZAtgqfTfszxHyW/xAJInrm44W5NmKdk=,2 txns. Tinyman : Tinyman AMM v2 : Swap (Buy)
2023-05-21 09:57:45,,PEPE,0.,,,,,RS6JHGDYDW5CQWPISHBWGS7DDERSXO4CXJHMZTLGXMVJP5O5OCZQ,Asset Opt in/out
2023-05-21 10:00:09,,,,PEPE,42069.,ALGO,0.004,9Uokg7iyuIs9u1nuIvm5ox0XwfWw7akbhyNiehV3hYE=,2 txns. Tinyman : Tinyman AMM v2 : Swap (Buy)
2023-05-21 10:00:09,,ALGO,0.447034,ALGO,0.002224,,,Combo 2 9Uokg7iyuIs9u1nuIvm5ox0XwfWw7akbhyNiehV3hYE=,2 txns. Tinyman : Tinyman AMM v2 : Swap (Buy)
2023-05-21 10:12:43,,,,ALGO,75.674205,ALGO,0.004,fr/5v67HDWK6V9w6RzGJznuMSok8FAsG3vFgngvdMgM=,1 txns. Algofi : Lending Market v2 : Remove Collateral
2023-05-21 10:14:2,,,,ALGO,50.58284,ALGO,0.006,dk1GnvKO6iN9Y1oPoGV3OKuVHY8Sbwt+lQE41bA5sJo=,1 txns. Folks Finance :  : 
2023-05-21 10:16:58,,ALGO,114.2,,,ALGO,0.004,i66dXQrSsM1OnFbK9HGW+teoVfXfIgwixCdVCmr6j5g=,4 txns. 
2023-05-21 10:16:58,,ALGO,0.001,,,,,Combo 2 i66dXQrSsM1OnFbK9HGW+teoVfXfIgwixCdVCmr6j5g=,4 txns. 
2023-05-21 10:19:33,,,,ALGO,114.2,,,UFkVM22dNAbfDHh5PebU9kgEFaWtAH0iLXYzvczH6rs=,1 txns. 
2023-05-21 10:34:48,,,,COOP,169.,,,T4VOFWHYX42UQKPRAYUNQ5WPKXVGNAWNIO3MZSUTZZ5IEJ2PRJPQ,Receiver
2023-05-21 10:46:15,,,,COOP,0.174911,ALGO,0.006,HdVEXHmFaX5l6ih4rlY3ZFW0k+Su5TFdjR7Ecb1+Eu8=,4 txns. Pact : Pact Swap : Add Liquidity
2023-05-21 10:46:15,,ALGO,5.328401,,,,,Combo 2 HdVEXHmFaX5l6ih4rlY3ZFW0k+Su5TFdjR7Ecb1+Eu8=,4 txns. Pact : Pact Swap : Add Liquidity
2023-05-21 10:46:15,,COOP,169.,PLP,2.081083,,,Combo 3 HdVEXHmFaX5l6ih4rlY3ZFW0k+Su5TFdjR7Ecb1+Eu8=,4 txns. Pact : Pact Swap : Add Liquidity
2023-05-21 10:47:19,,COOP,0.174911,,,ALGO,0.001,D5I2UH4VYRM6MIKUB335SBUW4MZCDV2P2WTMLSKNCIJZ6BB7KC3Q,Sender
2023-05-21 10:50:34,,TMPOOL2,34.763861,COOP,439.278344,ALGO,0.004,8O5lqx6BOk3BPbN2apY+dugXCD9EKA1eOfd+adeItkM=,2 txns. Tinyman : Tinyman AMM v2 : Remove Liquidity
2023-05-21 11:28:45,,COOP,508.278344,TMPOOL2,42.240577,ALGO,0.004,/wl3Yrq44jWGIWFVJYWUy7VNxYA+Hv+zA4u0eRp9BrM=,2 txns. Tinyman : Tinyman AMM v2 : Add Liquidity
2023-05-21 11:29:22,,,,COOP,69.,ALGO,0.004,uQXQh/C4/8kKXM5utBZuv6g8LDwcmbdDwmfxNDL41Zs=,2 txns. Tinyman : Tinyman AMM v2 : Swap (Buy)
2023-05-21 11:29:22,,ALGO,2.423431,ALGO,0.012056,,,Combo 2 uQXQh/C4/8kKXM5utBZuv6g8LDwcmbdDwmfxNDL41Zs=,2 txns. Tinyman : Tinyman AMM v2 : Swap (Buy)
2023-05-21 11:34:55,,ALGO,10.,BANK,1035.986257,ALGO,0.02,uoubglIxFPQICYrv8S8dfFhtrZ4NlaDXAdD8f5nGx8w=,"5 txns. Algofi : Lending Pool : Swap (Sell), Zap"
2023-05-21 11:35:21,,BANK,1035.986236,AF-POOL,98.454524,ALGO,0.031,HdvLzhqYRhDnDmng3kYnW34VYP77hu/GrHPiNegE1rQ=,6 txns. Algofi : Lending Pool : Zap
2023-05-21 11:35:21,,ALGO,9.975399,,,,,Combo 2 HdvLzhqYRhDnDmng3kYnW34VYP77hu/GrHPiNegE1rQ=,6 txns. Algofi : Lending Pool : Zap
2023-05-21 11:35:48,,,,,,ALGO,0.001,BK35CCRHQQP2HNJHWM5SGFHDCFNXOIILUEVRYYKM3S4M74USAWCA,Sender
2023-05-21 11:36:11,,AF-POOL,98.454524,,,ALGO,0.004,ZRJXrwB2tly/7EEq0xCowy/0sNFC+HXaF5hJkz2alLg=,3 txns. Algofi : Staking v2 : Deposit Stake
2023-05-21 11:36:45,,ALGO,100.,,,ALGO,0.003,eOTJz/Vzm3CM2GYlyQUHXZTo/DINt2ZLZOrcdEze0N0=,2 txns. Algofi : Lending Market v2 : Add to Collateral
2023-05-21 11:37:11,,ALGO,0.471,,,ALGO,0.004,BYL2HgJDQ7TtNE1cH0XblnaJ//QhMgYMazizXszBFzQ=,3 txns. Algofi : Lending Market v2 : Initialize Account
2023-05-21 11:37:41,,,,STBL2,1.1,ALGO,0.006,yiSIwE94kKMClCuYZKr8t96WI2V93O/rApgAESPqHzM=,3 txns. Algofi : Lending Market v2 : Borrow
2023-05-21 11:38:33,,,,BANK,0.011645,ALGO,0.057,sfCOcmEhP/HcvGrKWvrTWq8qmwtBwYhuXy6G6R9SQcM=,"10 txns. Algofi : Lending Pool : Swap (Buy), Zap"
2023-05-21 11:38:33,,STBL2,0.550325,STBL2,0.002736,,,Combo 2 sfCOcmEhP/HcvGrKWvrTWq8qmwtBwYhuXy6G6R9SQcM=,"10 txns. Algofi : Lending Pool : Swap (Buy), Zap"
2023-05-21 11:38:33,,STBL2,0.546895,BANK,343.658118,,,Combo 3 sfCOcmEhP/HcvGrKWvrTWq8qmwtBwYhuXy6G6R9SQcM=,"10 txns. Algofi : Lending Pool : Swap (Buy), Zap"
2023-05-21 11:38:33,,BANK,343.658108,AF-POOL,13.11384,,,Combo 4 sfCOcmEhP/HcvGrKWvrTWq8qmwtBwYhuXy6G6R9SQcM=,"10 txns. Algofi : Lending Pool : Swap (Buy), Zap"
2023-05-21 11:38:59,,,,,,ALGO,0.001,7H6ATLCVERDRFHGQYREUQWP2Z2UBRKOL6RRH2BLOIOLJNUAWJNSQ,Sender
2023-05-21 11:39:21,,AF-POOL,13.11384,,,ALGO,0.004,spP6/ksQDXO4bWBtib+aPzD62eft3G4fx/e4PfnqHcw=,3 txns. Algofi : Staking v2 : Deposit Stake
2023-05-21 12:55:59,,,,COOP,10.,,,E44UOOHBNQ7VXX7Z7LWK6QJUXXKFWFNYB66CZR3L6AGFBNBRRO6Q,Receiver
2023-05-21 13:12:16,,ALGO,0.325694,TMPOOL2,1.608595,ALGO,0.005,Gsl5JC0fyQqkwSPIlkJFfGlkJtSN53EMJETri1hArNU=,3 txns. Tinyman : Tinyman AMM v2 : Add Liquidity
2023-05-21 13:12:16,,COOP,10.,,,,,Combo 2 Gsl5JC0fyQqkwSPIlkJFfGlkJtSN53EMJETri1hArNU=,3 txns. Tinyman : Tinyman AMM v2 : Add Liquidity
2023-05-21 13:26:27,,,,ALGO,80.,,,SSOMQ5TW4R65UQQCXB7MGWX2RUST4UDGSANK57YERAST5FUK6QSQ,Receiver
2023-05-21 13:30:34,,ALGO,4.2,,,ALGO,0.003,PICBBLSrJSh8v3uA0FoyMfk/3uJEPcjY+sI96Xh+Jd0=,3 txns. 
2023-05-22 05:43:12,,,,ALGO,4.2,,,jR/rqtC4BWtJum5YFbqzCVrTkowS3yyAX/NtbKcjq1E=,1 txns. 
2023-05-22 09:18:32,,,,ALGO,0.000001,ALGO,0.008,HK0pR/3bMURBqiZhaFD/1+5NMvs0wYJDCTX7oaSsqOY=,"5 txns. Pact : Pact Swap : Swap, Add Liquidity"
2023-05-22 09:18:32,,ALGO,4.01909,COOP,74.020801,,,Combo 2 HK0pR/3bMURBqiZhaFD/1+5NMvs0wYJDCTX7oaSsqOY=,"5 txns. Pact : Pact Swap : Swap, Add Liquidity"
2023-05-22 09:18:32,,ALGO,3.98091,,,,,Combo 3 HK0pR/3bMURBqiZhaFD/1+5NMvs0wYJDCTX7oaSsqOY=,"5 txns. Pact : Pact Swap : Swap, Add Liquidity"
2023-05-22 09:18:32,,COOP,74.0208,PLP,1.171252,,,Combo 4 HK0pR/3bMURBqiZhaFD/1+5NMvs0wYJDCTX7oaSsqOY=,"5 txns. Pact : Pact Swap : Swap, Add Liquidity"
2023-05-22 16:10:18,,,,COOP,100.419999,ALGO,0.004,u5e6VtwT10GQrofr5qbwL4u6tWFVvEa8gvXpC+YacIc=,2 txns. Tinyman : Tinyman AMM v2 : Swap (Buy)
2023-05-22 16:10:18,,ALGO,6.101111,ALGO,0.030353,,,Combo 2 u5e6VtwT10GQrofr5qbwL4u6tWFVvEa8gvXpC+YacIc=,2 txns. Tinyman : Tinyman AMM v2 : Swap (Buy)
2023-05-22 16:11:59,,ALGO,70.,,,ALGO,0.005,elIKwSMu7qxu/QhU5DjriDGUWfZWWu0IChKVtHCxNvQ=,3 txns. Folks Finance : Folks Finance v2 : Deposit
2023-05-22 16:12:58,,,,BANK,0.589797,ALGO,0.004,KkicQoG0oMb+5xVFXROUZ60PDNO6hKCNePEH2Lnytlk=,2 txns. Algofi : Staking v2 : Claim Rewards
2023-05-22 16:13:06,,,,BANK,1.325271,ALGO,0.004,XplWgTgheJc3g8V9JSicsfCPdmIfGX3Z8j9L2yCNAMk=,2 txns. Algofi : Staking v2 : Claim Rewards
2023-05-22 16:13:58,,,,ALGO,10.000003,ALGO,0.004,t0s7CCxFte7wZxBOSKyA3KpeTI2O1OBNhiBnpu+MjCg=,1 txns. Algofi : Lending Market v2 : Remove Collateral
2023-05-22 16:14:27,,ALGO,0.6075,,,ALGO,0.004,zUUPXyRtUx3p4KTyxMjRDbnh5wVvDl4kQbfjFlyz6pQ=,5 txns. Algofi : Algofi Governance : Initialize Account
2023-05-24 05:40:18,,TMPOOL2,43.849172,COOP,343.256409,ALGO,0.004,xaWiFM7w/HUEjwMjl1FerabZdNxztrXA/50UG2MbnlY=,2 txns. Tinyman : Tinyman AMM v2 : Remove Liquidity
2023-05-24 15:12:55,,PLP,3.252335,,,ALGO,0.001,TELV26BXL3VVXRKPQLJFWADEQ2VLVDSL7HKYFMM77LZDJOTKWGZQ,Sender
2023-05-28 20:56:3,,COOP,138.,TMPOOL2,527.521529,ALGO,0.005,m6OjSpTNqZ9GTTLRSX9h0dkzPtO9X5vJ65TUnrFbEdQ=,3 txns. Tinyman : Tinyman AMM v2 : Add Liquidity
2023-05-28 20:57:38,,COOP,138.,TMPOOL2,439.247987,ALGO,0.005,EHhGkg63XRiCkRqHxgbTZ6bL7TufVTGOcYUisV2Jwtc=,3 txns. Tinyman : Tinyman AMM v2 : Add Liquidity
2023-05-28 20:58:35,,COOP,136.676409,TMPOOL2,6.603121,ALGO,0.005,PhkHWMKdENiNJvto8miZcBwtDafQDhq5EHUT6WF7QN8=,3 txns. Tinyman : Tinyman AMM v2 : Add Liquidity
2023-05-28 21:00:29,,COOP,31.,TMPOOL2,17.326531,ALGO,0.005,1kV1B8zTM9kImEDzwRKc56VvR7XGnaDfbV6ZjpyKqy0=,3 txns. Tinyman : Tinyman AMM v2 : Add Liquidity
2023-06-03 14:52:25,,,,Tacos,1115187.,ALGO,0.005,FrXxrVi44Jr99DMdXb0v3vyPfeGlc9M31HQHyWPN4w4=,3 txns. Tinyman : Tinyman AMM v2 : Remove Liquidity
2023-06-03 14:52:25,,TMPOOL2,6.603121,COOP,43.800361,,,Combo 2 FrXxrVi44Jr99DMdXb0v3vyPfeGlc9M31HQHyWPN4w4=,3 txns. Tinyman : Tinyman AMM v2 : Remove Liquidity
2023-06-03 14:53:03,,,,AKTA,4606.896233,ALGO,0.005,UEXW3XTA3AkAanL3Bh1nAulWTLs81w8dVfKasTt+abI=,3 txns. Tinyman : Tinyman AMM v2 : Remove Liquidity
2023-06-03 14:53:03,,TMPOOL2,439.247987,COOP,43.213531,,,Combo 2 UEXW3XTA3AkAanL3Bh1nAulWTLs81w8dVfKasTt+abI=,3 txns. Tinyman : Tinyman AMM v2 : Remove Liquidity
2023-06-03 14:53:48,,,,SOCKS,6764.690462,ALGO,0.005,Hwp49pWmCr2gMhnP2LYC7EG/Ae1l09rwagDvz3d9fsE=,3 txns. Tinyman : Tinyman AMM v2 : Remove Liquidity
2023-06-03 14:53:48,,TMPOOL2,527.521529,COOP,43.343274,,,Combo 2 Hwp49pWmCr2gMhnP2LYC7EG/Ae1l09rwagDvz3d9fsE=,3 txns. Tinyman : Tinyman AMM v2 : Remove Liquidity
2023-06-03 14:55:04,,TMPOOL2,17.326531,VEST,67.016589,ALGO,0.005,6cIXq1RO0NIach3PkD/hFjT3YOi+7mzN+hDoDL0PxH4=,3 txns. Tinyman : Tinyman AMM v2 : Remove Liquidity
2023-06-03 16:18:49,,COOP,130.357166,TMPOOL2,307.837763,ALGO,0.005,ltPccXbxqxOAlzosykiKKGBYZc9hISt4D2/YhD2Vmd8=,3 txns. Tinyman : Tinyman AMM v2 : Add Liquidity
2023-06-04 08:20:05,,,,DEFLY,2060.361229,ALGO,0.005,kiLvw4DeWCmOmYY2YESOHNxL7rKKcaz1gYzr6SvChM8=,3 txns. Tinyman : Tinyman AMM v2 : Remove Liquidity
2023-06-04 08:20:05,,TMPOOL2,307.837763,COOP,46.845341,,,Combo 2 kiLvw4DeWCmOmYY2YESOHNxL7rKKcaz1gYzr6SvChM8=,3 txns. Tinyman : Tinyman AMM v2 : Remove Liquidity
2023-06-04 13:17:3,,COOP,15.845341,ALGO,8.579458,ALGO,0.003,2vOHj401Liokdtd4O1orsFxKVdq7lL4ag7y8fcsFcqM=,2 txns. Tinyman : Tinyman AMM v2 : Swap (Sell)
2023-06-04 13:17:37,,ALGO,0.033604,,,ALGO,0.001,NQ6UPLOBNFNCA4PYWBQBQVHPWL5UZFMXGKJUGDDGRNS3UBLY6HRA,Sender
2023-06-04 13:18:41,,,,STBL2,1.103441,ALGO,0.026,lpelcB+KXil3RyE9R1Pz8tfb4MrneLpDL3X3sheT8ic=,"4 txns. Algofi : Lending Pool : Swap (Buy), Zap"
2023-06-04 13:18:41,,ALGO,7.356166,ALGO,0.036593,,,Combo 2 lpelcB+KXil3RyE9R1Pz8tfb4MrneLpDL3X3sheT8ic=,"4 txns. Algofi : Lending Pool : Swap (Buy), Zap"
2023-06-04 13:19:18,,STBL2,1.104546,STBL2,0.001104,ALGO,0.004,6SlqzkJyLQLh92UbguEv5k6Ktea5jU0enTD0efaG5kM=,2 txns. Algofi : Lending Market v2 : Repay
2023-06-10 10:39:43,,OPUL,0.,,,,,EEYYDTQCXTORHF7V3BIXDKC4BWSSJP6QMAKDG4GABWE7A4PPWJLQ,Asset Opt in/out
2023-06-10 10:39:5,,COOP,6.9,OPUL,4.56709036,ALGO,0.003,eGUP6opj11/etRF70yFqbDlKgWY+XfAg7ZipoRp5DvY=,2 txns. Tinyman : Tinyman AMM v2 : Swap (Sell)
2023-06-10 10:39:58,,ALGO,0.028341,,,ALGO,0.001,2LDYXHVONBDAE3YKZSKLIUVT4HUJCSGEADQDIIKX5IDFLC6S6ZPA,Sender
2023-06-10 12:14:09,,,,ALGO,70.240566,ALGO,0.006,OkO+j8xHqvgjuA+NgZg+srJ3RZzPnLYIei5rm9A6mTo=,1 txns. Folks Finance :  : 
2023-06-10 12:16:47,,ALGO,1.25,Hi,1.,ALGO,0.004,ECf3JprGsJU+rqEz72CO9Cc9pQ4hoDf/tFZqfGBgEzc=,5 txns. 
2023-06-10 12:16:47,,ALGO,46.25,,,,,Combo 2 ECf3JprGsJU+rqEz72CO9Cc9pQ4hoDf/tFZqfGBgEzc=,5 txns. 
2023-06-10 12:16:47,,ALGO,2.5,,,,,Combo 3 ECf3JprGsJU+rqEz72CO9Cc9pQ4hoDf/tFZqfGBgEzc=,5 txns. 
2023-06-11 10:51:26,,,,BANK,21.17083,ALGO,0.004,8zILJ/TCbw5OUhUZR4qbC7G7bNBM877lQgzctxetarU=,2 txns. Algofi : Staking v2 : Claim Rewards
2023-06-11 10:51:34,,,,BANK,10.665695,ALGO,0.004,yOrkWvg0KRmSV07cFhh9N4KapsRruFC9g3bCVmO56OY=,2 txns. Algofi : Staking v2 : Claim Rewards
2023-06-11 10:52:23,,BANK,33.763269,,,ALGO,0.006,w6tCALiTdeI5LAkGUBujikCVy5POICQ0ZWpF57khiRQ=,4 txns. Algofi : Staking v2 : Update Target User
2023-06-11 17:55:31,,OCTO,0.,,,,,EOCZHQCOX7EFUPUBVMU3S6J6ACMJCDZ2UQR4XGJPT3S6TU5CCJSA,Asset Opt in/out
2023-06-11 17:55:38,,COOP,6.942,OCTO,3.869691,ALGO,0.003,PtxMMQibpGdGQmAD02YgMRrGODJHVhpAe8Q2Z/AmpFc=,2 txns. Tinyman : Tinyman AMM v2 : Swap (Sell)
2023-06-11 17:55:46,,ALGO,0.028194,,,ALGO,0.001,QWSEOC7576UWNY6KH5XYJQGHJOEPMKVN2TGVQYMHNMM6U34N6FEA,Sender
2023-06-15 04:20:52,,WIND,0.,,,,,JOCGTU4TJJEC3W6HII3PDICML6ZGZ5235ACQP6SFHD7QZ3HSM33A,Asset Opt in/out
2023-06-15 05:24:37,,,,WIND,47152.,,,6YB3VOH5ZTGCKJAK2WUDUEPB4HKB7GQYDKEF3RUA44XHDMYPN5YA,Receiver
2023-06-15 05:51:48,,WIND,47152.,TMPOOL2,39.950655,ALGO,0.005,XedbVD6npP28MGY7e3Pd+lr5FGpnZ0KRkloqLeXOf/k=,3 txns. Tinyman : Tinyman AMM v2 : Add Liquidity
2023-06-16 06:43:02,,TMPOOL2,39.950655,WIND,59715.898,ALGO,0.004,dpA//hQ6g6VgsbQnCVztjnEsCU0JQ5K0kK1jQTOjNKQ=,2 txns. Tinyman : Tinyman AMM v2 : Remove Liquidity
2023-06-17 19:45:05,,WIND,59715.898,TMPOOL2,51.926459,ALGO,0.005,OuDLe0AZVvtkWDB06vmY5GPiFi/uI5bcHNhuyluNlhI=,3 txns. Tinyman : Tinyman AMM v2 : Add Liquidity
2023-06-17 19:45:51,,COOP,86.158,TMPOOL2,23.436892,ALGO,0.004,DwfYrRJeid73eDJtDmkUWpKLUI5ZoXUCCiFjsmwCIak=,2 txns. Tinyman : Tinyman AMM v2 : Add Liquidity
2023-06-18 05:56:26,,,,COOP,165.565268,ALGO,0.004,/vdEv77yeP17wYntdIEhloVz5x0dQfL0ekQbSyZB/6w=,2 txns. Tinyman : Tinyman AMM v2 : Remove Liquidity
2023-06-18 05:56:26,,TMPOOL2,75.363351,WIND,36287.396,,,Combo 2 /vdEv77yeP17wYntdIEhloVz5x0dQfL0ekQbSyZB/6w=,2 txns. Tinyman : Tinyman AMM v2 : Remove Liquidity
2023-06-18 05:57:14,,COOP,165.565268,TMPOOL2,50.57826,ALGO,0.004,mHS1jQJzP1/niK8k29HrZuj9Ynk5kqL1OCGnDnm4Uhc=,2 txns. Tinyman : Tinyman AMM v2 : Add Liquidity
2023-06-18 05:57:51,,WIND,36287.396,TMPOOL2,28.063833,ALGO,0.004,6rsbYBquRYpwEg2kU54y6wHAIoUxlty4z4r1x0Bzlk8=,2 txns. Tinyman : Tinyman AMM v2 : Add Liquidity
2023-06-20 04:44:53,,,,ALGO,36.725631,ALGO,0.004,HXItd52K8J3tTHm+zD2XvyuYKRGGX8xnz7AyqdYVQPI=,2 txns. Tinyman : Tinyman AMM v2 : Remove Liquidity
2023-06-20 04:44:53,,TMPOOL2,28.063833,WIND,23755.415,,,Combo 2 HXItd52K8J3tTHm+zD2XvyuYKRGGX8xnz7AyqdYVQPI=,2 txns. Tinyman : Tinyman AMM v2 : Remove Liquidity
2023-06-20 04:45:11,,,,ALGO,41.403898,ALGO,0.004,3l1M9a/ESk4t9oWljJD6APw+nKwGDCNUp6xAXoYbyPE=,2 txns. Tinyman : Tinyman AMM v2 : Remove Liquidity
2023-06-20 04:45:11,,TMPOOL2,50.57826,COOP,96.530005,,,Combo 2 3l1M9a/ESk4t9oWljJD6APw+nKwGDCNUp6xAXoYbyPE=,2 txns. Tinyman : Tinyman AMM v2 : Remove Liquidity
2023-06-24 08:52:08,,,,,,ALGO,0.001,IU7StN6zLv97ZWUUcVMlyzf+f8O1xcHq6qKU0s1NNrw=,1 txns. 
2023-06-24 08:52:16,,,,,,ALGO,0.001,VCYSECXYBL7CPEWBKR7SV2AYYCJWSZ2ES3U3J3D44SCYFMG4TO7A,Sender
2023-06-24 08:52:23,,COOP,96.530005,,,ALGO,0.003,lKrqO1DjEoTPBAIcA2U21UjzVJm3Aw+e6LqWrN7S/ww=,2 txns. Cometa : appDB match : COOP > META
2023-07-01 17:17:58,,,,,,,,hbqV04ckjCBGz6VKmsdaF2Oj9xS8mjmgNcFwGvuFk1E=,1 txns. Algofi : Staking v2 : Update Target User
2023-07-01 17:18:15,,,,,,,,8EYp64hiFzVwuGPHRdtvcvk0DY4Y+bCA0+ENRYYRr7I=,1 txns. Algofi : Staking v2 : Update Target User
2023-07-01 19:12:48,,ALGO,0.7,,,ALGO,0.002,mS+5S4VtY0wBspSIzPrOhvnQ+YfUWZ8akLaBQOMne8g=,2 txns. Algofi : Staking v1 : Initialize Account
2023-07-01 19:12:55,,DEFLY,2000.,,,ALGO,0.016,iT7qocuLiE6BRdCyHz3N+R7QooDmU/p/tjw5eMse40A=,15 txns. Algofi : Staking v1 : Deposit Stake
2023-07-08 17:13:,,,,COOP,96.530005,ALGO,0.003,M0uf42JveWJ5R+UkEo0PvY0+HhWl0ta+OkG3H3EQ7f0=,1 txns. Cometa : appDB match : COOP > META
2023-07-08 17:13:14,,,,META,0.068367,ALGO,0.004,KnfgQ6/ds1iJgj833wgbnYA7ArFRHt45/KBWgA6hAwE=,1 txns. Cometa : appDB match : COOP > META
2023-07-08 17:14:53,,COOP,96.530005,,,ALGO,0.001,RNHZJCNX3UAZBPT24Z3KYYQMVPYGP5WOUAOILJRDDWW7YRTDC43A,Sender
2023-07-08 17:15:17,,ALGO,50.,,,ALGO,0.001,3A6IFFJH5IZVG54CETJAEFWQ2MASTT2Z7YL5AXVYO3WD7OXCJXGQ,Sender
2023-07-11 16:36:43,,,,ALGO,90.693716,ALGO,0.004,qsWrdLkwlhyU5AmvQ9mQL3yDYQ/3114vq8chWxNaZ9A=,1 txns. Algofi : Lending Market v2 : Remove Collateral
2023-07-11 16:38:07,,,,AF-POOL,98.454524,ALGO,0.004,DmBy5olT/N52g72dOpqEGgBL1jrADlqCo1b1rjOh0is=,2 txns. Algofi : Staking v2 : Withdraw Stake
2023-07-11 16:38:31,,,,BANK,37.658594,ALGO,0.004,lQuCiFwfkUYFDqJ8n6ad4t/eo0643lUO67THJFjGSbQ=,2 txns. Algofi : Staking v2 : Claim Rewards
2023-07-11 16:38:58,,,,AF-POOL,13.11384,ALGO,0.004,AlJlIOvXolbqE8Myu+LMUkjUCOKQKYHbpvdRSbYCpiU=,2 txns. Algofi : Staking v2 : Withdraw Stake
2023-07-11 16:39:05,,,,BANK,22.659158,ALGO,0.004,/Wr8f3NXX85/JstJPUfJ5QGKG/ixolh9XQwZjm2B3LU=,2 txns. Algofi : Staking v2 : Claim Rewards
2023-07-11 16:39:18,,,,DEFLY,2000.,ALGO,0.016,4YpUdBg5rwaqe7K7u+VQ6l+uIjhx5nuHkYJdG1WKFG4=,14 txns. Algofi : Staking v1 : Withdraw Stake
2023-07-11 16:39:22,,,,DEFLY,2.095309,ALGO,0.016,5zZdsS0yoKS3qPs2gez0w/U81G42r+7cMHyhXJeJGiM=,13 txns. Algofi : Staking v1 : Claim Rewards
2023-07-11 16:41:51,,BANK,60.317752,ALGO,0.065154,ALGO,0.019,sDIB6K0/WL2MztS1eGUXZx7wwUUvzEx/Ead3H+GHn0Y=,"4 txns. Algofi : Lending Pool : Swap (Sell), Zap"
2023-07-11 16:42:28,,,,BANK,1254.146657,ALGO,0.02,PSLlBOe2Ltm3XzpVNj74OTjoJGXRnDg3tpZY5PqKb7U=,3 txns. Algofi : Lending Pool : Remove Liquidity
2023-07-11 16:42:28,,AF-POOL,13.11384,STBL2,0.152162,,,Combo 2 PSLlBOe2Ltm3XzpVNj74OTjoJGXRnDg3tpZY5PqKb7U=,3 txns. Algofi : Lending Pool : Remove Liquidity
2023-07-11 16:42:55,,,,BANK,3124.452286,ALGO,0.02,ozgw5mo8QpnSkr+w7d4FAekhnXwf8JdQ5kR5zzI/1Xc=,3 txns. Algofi : Lending Pool : Remove Liquidity
2023-07-11 16:42:55,,AF-POOL,98.454524,ALGO,3.383486,,,Combo 2 ozgw5mo8QpnSkr+w7d4FAekhnXwf8JdQ5kR5zzI/1Xc=,3 txns. Algofi : Lending Pool : Remove Liquidity
2023-07-11 16:43:25,,BANK,4378.598943,STBL2,0.530477,ALGO,0.019,ocybHUoa4k0gRfEyz2mlFPLEiIh3eHhTXbZUB2eGmNA=,"4 txns. Algofi : Lending Pool : Swap (Sell), Zap"
2023-07-13 20:07:29,,ALGO,145.,,,ALGO,0.005,X7XijOAZs+6oq+dz84joEn+EbZh6TSHZDOp5zNMN6J8=,3 txns. Folks Finance : Folks Finance v2 : Deposit
2023-07-16 12:37:34,,,,ALGO,45.,ALGO,0.006,7u195HtWbaZBdWVIjX8DL61oq0mvgirZi7TSqjYXX/s=,1 txns. Folks Finance :  : 
2023-07-16 12:39:47,,ALGO,49.586568,TMPOOL2,41.536098,ALGO,0.004,yukYWUjb58To45BwT1Q9ClVj735vAARLvt7+kCcmGFA=,2 txns. Tinyman : Tinyman AMM v2 : Add Liquidity
2023-07-16 12:40:18,,,,,,ALGO,0.001,7PJLOKAQK7TNLM4B4FDNR2HD7QRKUDMW2JDAGXJJ5KL5VOGDHIMQ,Sender
2023-07-16 12:41:06,,,,,,ALGO,0.001,RD523VDJF3HGJFRENLR56BGJ6B3CE3FZCPCRHJR45XILQ6NHZHDA,Sender
2023-07-18 16:57:29,,,,ALGO,0.09601,ALGO,0.002,elCxz+lteO1ddGTBbTP+I6zTjclRuFu0pG/6L7F3++s=,2 txns. Tinyman : Tinyman Staking : Claim
2023-07-18 16:57:32,,,,COOP,0.134861,ALGO,0.002,edzgtYyNCNP4nALBwoHgy/fb+t/EkUzmR2fMG3MxO50=,2 txns. Tinyman : Tinyman Staking : Claim
2023-07-18 16:58:34,,ALGO,0.08501,TMPOOL2,0.096388,ALGO,0.005,JuUwipVLcZLqIDugecnlujJO+n99dh4Ndp0iKNOnkn8=,3 txns. Tinyman : Tinyman AMM v2 : Add Liquidity
2023-07-18 16:58:34,,COOP,0.134861,,,,,Combo 2 JuUwipVLcZLqIDugecnlujJO+n99dh4Ndp0iKNOnkn8=,3 txns. Tinyman : Tinyman AMM v2 : Add Liquidity
2023-07-18 16:59:08,,,,,,ALGO,0.001,73R2R5IYD4FNWZJTCOIBFEDNI5RW7T7KMPUCKXNNKD4TY56QS2YA,Sender
2023-07-18 16:59:32,,,,,,ALGO,0.001,K2S4H5EP3U6LFG5WVSLPBWW7QAWCZXCMPYKVYVYJJBY3TYZCI3GA,Sender
2023-07-22 21:39:22,,,,ALGO,0.371686,ALGO,0.002,7v8pfei3X8laTY97uC3hQmt5xJZ4YBQwqF4TfYQxUEo=,2 txns. Tinyman : Tinyman Staking : Claim
2023-07-22 21:39:46,,,,COOP,0.545196,ALGO,0.002,qTpwaUhtpbPw4c9zYOn9++0/Kl8RMjYpSCTP7rdPgzg=,2 txns. Tinyman : Tinyman Staking : Claim
2023-07-22 21:40:2,,ALGO,0.371686,TMPOOL2,0.422776,ALGO,0.005,HRb70TNV2xSDNkxN6dfJT0v/4UckXbKUEK/Q7OX9tDQ=,3 txns. Tinyman : Tinyman AMM v2 : Add Liquidity
2023-07-22 21:40:2,,COOP,0.545196,,,,,Combo 2 HRb70TNV2xSDNkxN6dfJT0v/4UckXbKUEK/Q7OX9tDQ=,3 txns. Tinyman : Tinyman AMM v2 : Add Liquidity
2023-07-22 21:40:5,,,,,,ALGO,0.001,ACUSI3SVCZ2Y4H57I3MOSRVXSSI7S7AIYWLEVOSKSUESOV5XL3AQ,Sender
2023-07-22 21:41:28,,,,,,ALGO,0.001,6PUNUBPWH3Y3OWJMRTYOMU4ARRNUQPEGERMF56UQYN6B2FMQCFEQ,Sender
2023-07-23 11:30:4,,DEFLY,2000.,,,ALGO,0.016,vOl1otLA04XiVGmr/eY2dUTo8h38pmcXJcfaKTsES6U=,15 txns. Algofi : Staking v1 : Deposit Stake
2023-07-25 19:30:53,,FFCC,0.,,,,,54XMGA6FH5GAQJXLOBWOYJN6SX2DJLFWSQQHK5ZZPVS6P27FPHJA,Asset Opt in/out
2023-07-30 16:51:53,,ELBX,0.,,,,,WJKJMMYRZPKA2BI5QRSJSNI6SAGBLJOZI5LX7QJV4WM5QXZ47N3A,Asset Opt in/out
2023-07-30 16:52:07,,,,ELBX,5.,,,EBNTBSJKKCXFPFHCFF6FKHV5ZIBWOFXUW2EBZB4FURDLBDN5D5JQ,Receiver
2023-07-30 16:55:37,,AI-AW7,0.,,,,,BN7OLA35HR7NLMOCLD55NBSZ6LB5I2YOAC3XVIJ6WORXVDDPXZWQ,Asset Opt in/out
2023-07-30 17:05:16,,,,AI-AW7,1.,,,RSI4NVOUEERX6B5ZCS2LM4HLEVPJ6UIIL32PAQLGQXRMDB4UMNIA,Receiver
2023-07-30 17:05:54,,LD711,0.,,,,,GEQXPY5MUNCAJBXNXM3GHYMWP56FEBE3W4GWAAWPEM6QSIPWPWKQ,Asset Opt in/out
2023-07-30 17:06:49,,NK 0405,0.,,,,,JBNYBTKQCYIVIYKKNTJP4KYYHKQINEBW2PKC6VHZBIPS7UN7HEKQ,Asset Opt in/out
2023-07-30 17:07:09,,HASH,0.,,,,,STOYCNGR6HY4YZRSUDPTGUK5QSIN54SL2ZZGVLZNGQIYQ3DPB2KA,Asset Opt in/out
2023-07-30 17:07:37,,BLOC9554,0.,,,,,D2VVU5J56MVG4CE4DAM4FYKCJQK5KC7RDNE5Y4ESAQJEQYTP7LTA,Asset Opt in/out
2023-07-30 17:07:57,,BLOC6122,0.,,,,,V677ZGDH22CIB74OD3FMSRFGZ6BFVZ3UQD3IAYTCG46E3TUNM72A,Asset Opt in/out
2023-07-30 17:08:11,,,,LD711,1.,,,6CYMVQRLOF3INCICU6E6W4SVPWMQ3PWUNM2LN73RBTLF66LQVSZA,Receiver
2023-07-30 17:08:32,,,,NK 0405,1.,,,PJXE734W7EKQWJMKJ4LUKB3VZZMKWEAVRKYTUNNFSIZYNJ5RDB3A,Receiver
2023-07-30 17:08:53,,,,HASH,23.,,,OHSVUHO5NEVKWDDXDWDMVKDBIMXKSSM77LQREBS7FWSFQTLHW5WA,Receiver
2023-07-30 17:09:13,,,,BLOC9554,1.,,,JQ4PCMQZLWW3KUZZL2VL44GDKLQ2ELK4YVYDUNX2TMNUZKP7JYIA,Receiver
2023-07-30 17:09:3,,,,BLOC6122,1.,,,HH6EKSDOTH7VUTICUXXG2Y4XJWIZVI3CUBFK7BSJP7B23SWJR5ZQ,Receiver
2023-07-30 17:13:51,,,,ALGO,1.,,,QJT6HE66KRNXUS5XUIFZAPGMZUHZZTSFECQ473SBFWQZPSMLWHLA,Receiver
2023-07-30 17:14:46,,,,ALGO,101.324929,ALGO,0.006,lGp/Bu9du6tmkjvi2wsPn0dRzvJeiu/hEOth+8igZbM=,1 txns. Folks Finance :  : 
2023-07-30 17:16:22,,ALGO,0.001,,,ALGO,0.001,S9F7X3KZKw3NhCOWdmO1IlP3JS8c8zT2q+8y91oFwHY=,1 txns. 
2023-07-30 17:17:27,,,,,,ALGO,0.001,PNS55VJC4NHLQUGRYIFYYR7KWWLN2536B3F5C3X3QYJCYG4ZUIXA,Sender
2023-07-30 17:18:22,,,,,,ALGO,0.001,PWURNOOTPL4WXHHA3M5QCVFR5KVMNDPX2KCTYJJ2RTWTLSK4ZU6Q,Sender
2023-07-30 17:18:46,,,,,,ALGO,0.001,HD4XJSM4WFWANZHF4G5MRBUSJ4PPIBZGFD35AEJKS6M5WQISW6NA,Sender
2023-07-30 17:22:42,,,,,,ALGO,0.001,AVAKRQMZCMPCILJDOQ7LCUDQHWZ5OF37LRCPNDNOGZNHIV2GV25A,Sender
2023-07-30 17:23:2,,,,,,ALGO,0.001,6I3MARTHYRNKM6644S5AHFMTBICMDVC4ZNMOCICTDDX6E3QL3XIA,Sender
2023-07-30 17:24:22,,ALGO,42.,,,ALGO,0.001,D7IJZMUTCPUIK5EUPWAGUSQEGCQIPJ6GUBCR3B6WZ2RA35DMDMZQ,Sender
2023-07-30 17:24:43,,ALGO,42.,,,ALGO,0.001,43BK66VQOV7HRRBWLJD4UGMX35WD35YHLOM5Q2QRZO67LWT4NDEQ,Sender
2023-07-30 17:24:49,,,,,,,,jKy2rQK2ksxbqwr1xLV6M/7xcJ5yVqG1fYuVRDSasEs=,1 txns. NFDomains : appDB match : Registry
2023-07-30 17:25:,,,,,,,,oGdThbExZJtBLEdID/atOXf1FDkxn8ItfvJ0DeSEbfY=,1 txns. 
2023-07-30 17:25:24,,ALGO,0.002,,,ALGO,0.001,VS1SKTRsRYFmScLMGfpC6VKHYoLb75lB3LEAX8c+VzM=,1 txns. 
2023-07-30 17:28:19,,,,,,,,Ijta+L8eICD0YEh+m14+QBHjCZzBVFCYvxCkepleeQ8=,1 txns. NFDomains : appDB match : Registry
2023-07-30 17:28:36,,,,,,,,/KJGoH9ntxtA8FtEe0iaFl8e5OqowPRod9Q4jAufcCY=,1 txns. 
2023-07-30 17:32:37,,,,,,ALGO,0.001,SUYVKE7YOTFMVRDKO4L2EODKRWZTMTVF4W7AOK4W4WNVYUZW7CDQ,Sender
2023-07-30 17:50:45,,WWH-KD1,0.,,,,,6GSTLXDLVGDTLMZ6SNFLO23GFVP22WE2GSVNY73KIO6MBIQVHRXA,Asset Opt in/out
2023-07-30 17:51:16,,gal 11,0.,,,,,LGYTVJEORFI3LWJWOFBTJPIPNC3GGJCICSAFDTVEE6JKB5CGE5PA,Asset Opt in/out
2023-07-30 17:51:33,,,,WWH-KD1,1.,,,FSOCNGBNGU4GNPW5Y6SDXWGL4MXBCE7NEUS2RAXVONRNJDOAW44Q,Receiver
2023-07-30 17:51:54,,,,gal 11,1.,,,TDDFUJ5W2Y7XJHLAEXSA7FK4VURHNNQSOFROFONDVHFRUVK7BLOA,Receiver
2023-07-30 17:54:28,,WWK#845,0.,,,,,3HS5MTHHM3A43CJIJCNCWYG6U55AP2PQD2Q267AUJV77HHPAXF6Q,Asset Opt in/out
2023-07-30 17:54:49,,FLIPALGO,0.,,,,,CP2P3PJDLQP4O6RJY4H3CHNHWJPNNHAHKVXTW7IJO6LETDCFXSNQ,Asset Opt in/out
2023-07-30 17:55:09,,BBS0008,0.,,,,,AGLR3LT4TEETOYOYPUEM533NAXBKITAZKZNWH6L4YEQRUBLREPZA,Asset Opt in/out
2023-07-30 17:55:3,,,,WWK#845,1.,,,T7HSZSZDGM2D6HD6WZ4LKLLB4KQ2PWH72SBJ2UYUX7E6BKZXCBZA,Receiver
2023-07-30 17:55:47,,,,FLIPALGO,1.,,,45DDIGQBYWRFQRHDZRZ7XZ4IN2V56ZVKOBPNLPEWRRDJQZKVAGSA,Receiver
2023-07-30 17:56:07,,,,BBS0008,1.,,,UTMFLLPS3VDVKNP4TCCLPWMT4JCPVJJQKLMKZNKT5U5XOQI2LDMQ,Receiver
2023-07-30 17:56:38,,hshslash,0.,,,,,MZGY3QCUENWZS7PJGTF5UUMH7B2NK5TVKSZTZB6VH6HCCUD5HAGA,Asset Opt in/out
2023-07-30 17:56:52,,,,hshslash,9993.,,,2PKQEEMNVLF43NGC4LN6TCO3A2G3Y3YG2J4NRW6F3PDTET427PNA,Receiver
2023-07-30 17:57:19,,AIART04,0.,,,,,2ZJLORXHBFVXO3ACKVEH5AWAJQ6WBS6LMAVX4YVOORONRMIVKM2Q,Asset Opt in/out
2023-07-30 17:57:47,,AIART039,0.,,,,,722HSLLSMRO2W3TUWSZA5LM3LMANEXWOA6SVUDXGQ74AH4ISIL5Q,Asset Opt in/out
2023-07-30 17:58:28,,,,AIART04,1.,,,XSKE4S5NYTMVGWCTVYIOJ47PSMTGESJKYQ5COV2KZE7IMLOWYOHQ,Receiver
2023-07-30 17:58:49,,,,AIART039,1.,,,XH7M3SKXNKOOHWKYRUYFBC73NYNVA5HMWMBE2M5762WOZ6FHO2FA,Receiver
2023-07-30 17:59:44,,AI-RR,0.,,,,,NVBTZ6PGVRYJBV2GPGOPQPEBPZJ53P4V752QEZMV3CU3LEZV6QXQ,Asset Opt in/out
2023-07-30 17:59:54,,,,AI-RR,1.,,,3ADIJTU23KH7USLSDFSO3NXDL2RXTNTV4MYOTANUXJOV5EBEWS7Q,Receiver
2023-07-30 18:00:49,,AI-KTP,0.,,,,,RZEQJ7PXGP5H2KXJ2WB3G6TX7VAU6KMSHKGZRMSSWJBUGE4OPKNQ,Asset Opt in/out
2023-07-30 18:01:06,,,,AI-KTP,1.,,,VAI74RPOMLEKR6724D522WFH5WPBCI4XKIZCFS2GTVSEYVW4KHPQ,Receiver
2023-07-30 18:02:15,,SVTC006C,0.,,,,,FN3HMTYTYR6NAOZHRAWCIYRJ4H4FK3NYMS3SS54MKSYBFV4Z75JA,Asset Opt in/out
2023-07-30 18:02:38,,,,SVTC006C,1.,,,MTWNNN4JVZ7ZXAKSMRCZ7OKSMF53BVIO447VF2JKORWDZAQXWAAA,Receiver
2023-07-30 18:31:15,,NIFTY1C,0.,,,,,MPAVX6PKLQ6A3TFAXMRM4MW7RVZJGBA4DG4ZKYQZMD5Y4465AS5Q,Asset Opt in/out
2023-07-30 18:32:34,,AIART021,0.,,,,,WPV5UZJUMDOBK3DTTRR5DIGJHS72OK4PQ7PXGRLR73XMNOZHETDA,Asset Opt in/out
2023-07-30 18:32:47,,,,AIART021,1.,,,3KX6DQFYXY5FWMRTNYSUAT2CW2QGGGWFXFYESI6ZI6JX5FQKJOWQ,Receiver
2023-07-30 18:33:14,,badge,0.,,,,,DW4PDKXJJC5NYYTN3JKP47AJC3JCCVEGQQZJ5LXRPFUE2HRLXVOA,Asset Opt in/out
2023-07-30 18:33:59,,DEV-266,0.,,,,,KEIGRK2O4CKL4324LPSJWOYKPBZ362LQAOGVDXRYOHNYCQY6NM6A,Asset Opt in/out
2023-07-30 18:34:16,,,,DEV-266,1.,,,A2JNC4RI4BAKAAS53WETJOLNWCUZ7BQLQJYDRO6JRIUWVYIP3DEA,Receiver
2023-07-30 19:13:12,,PORTAL#3,0.,,,,,P73M3POXNXOZKRFRDVCA573B3NA44SW7F5AB3ZHIU57JOAHY3KFQ,Asset Opt in/out
2023-07-30 19:13:33,,,,PORTAL#3,1.,,,HNQPP6HOVETKQRNKVJUCXWEL6YHPHMOTJE5RTVOZF7VCJK4JAKDQ,Receiver
2023-07-30 19:15:5,,TREAT,0.,,,,,4WNTP3CEQPWITQEZG75K2XH4FSI5ITL4VG4OPUVX4GRTWH7L65VA,Asset Opt in/out
2023-07-30 19:16:07,,,,TREAT,21.,,,J7WR5RKE2DIMQRRTEBWAC7BPQQQ2XD3G6SIOSFZ5AU7DQJGU3URQ,Receiver
2023-07-30 19:27:55,,AIART008,0.,,,,,2VBN3A24CO6KA567LLXXJMASJA3PSMJJIQAAEKRIDRC6CJLBQE6Q,Asset Opt in/out
2023-07-30 19:28:16,,,,AIART008,1.,,,FB7RMU6N5OWKEQEHNIVDFF7UW2MVV3OP4OAWRJ3MNMGDJU7IWLIQ,Receiver
2023-07-30 19:28:43,,BFV001A,0.,,,,,EHPCAIW26ZNAHE3QKQ47E6D52CPXCXUREPJ7EONGT3FVTINZTPGQ,Asset Opt in/out
2023-07-30 19:29:,,,,BFV001A,1.,,,CSYSEI3TNV6KHJ4MV4DD2VECVUGRIVARXBMAO7NRNHAVXIBROA5A,Receiver
2023-07-30 19:29:28,,SMC4704,0.,,,,,DRE5XSSS6AICA6SSRCLXVCR3B7ADKDEVTPGCJYSNMFPH3LHP4FRQ,Asset Opt in/out
2023-07-30 19:29:42,,,,SMC4704,1.,,,OTLDRPLXCZI5GJG5AERGL5VP7CSINMR5NDO4ZC6474NBT6GPCDDA,Receiver
2023-07-30 19:32:42,,SMC3117,0.,,,,,6S6W5UPV3UPERG7GJAHJJG4SX6R6A5UOC5QWQ624EQF7HNI5QGBA,Asset Opt in/out
2023-07-30 19:33:17,,,,SMC3117,1.,,,OSBUXC6EIHJ5NTPXWIHOHYFOEOCK7YCWOIGRLXPKS26S6GZBYJRQ,Receiver
2023-07-30 19:33:44,,WE ARE ,0.,,,,,YLSI6LQXISJSCGCSOV7RDV5PT4MO4SEQ3766M3GQZ5TDQZOMGMHQ,Asset Opt in/out
2023-07-30 19:34:04,,,,WE ARE ,1.,,,PKUDH6EYPWSUUW5DLKCW4INWFAIC5SM26B5QG7U2EAHSR274DJ5Q,Receiver
2023-08-03 11:13:11,,,,PLAUS,1.,ALGO,0.003,6q6YETClMatKHRf1Xk1EYXhEgqDEaQGfcGVssw0nXms=,3 txns. 
2023-08-04 17:19:44,,,,ALGO,1.023227,ALGO,0.002,3vLo0MFtCz9bMH0Q5lejA224Cng24BR1dgGN7NN95ao=,2 txns. Tinyman : Tinyman Staking : Claim
2023-08-04 17:19:48,,,,COOP,1.519965,ALGO,0.002,ovJ/ikn3tIhoWz0QAdng742PdR9aeha45fN/wi0FkQE=,2 txns. Tinyman : Tinyman Staking : Claim
2023-08-04 17:22:01,,ALGO,0.5,COOP,2.636455,ALGO,0.004,lFxUbPW7bz0KyGdCFZXFtR8u8xePygmvUhYbeJezrVU=,2 txns. Pact : Pact Swap : Swap
2023-08-04 17:22:48,,COOP,4.15642,PLP,0.096685,ALGO,0.005,QlHG/eCgwdFe/sD9pmU6TPWgixG62Xk8DdUNsBk4u10=,3 txns. Pact : Pact Swap : Add Liquidity
2023-08-04 17:22:48,,ALGO,0.780384,,,,,Combo 2 QlHG/eCgwdFe/sD9pmU6TPWgixG62Xk8DdUNsBk4u10=,3 txns. Pact : Pact Swap : Add Liquidity
2023-08-04 17:23:05,,ALGO,0.2,,,ALGO,0.007,8YhV6Zjplr7i7z/vWbPi0lbPUz9ci6iBD0anF3xhfn0=,"3 txns. Pact : Farms : Create Farm, Stake LP Tokens"
2023-08-04 17:23:19,,PLP,0.096685,,,ALGO,0.006,eAZw2sZDgrldALOQaHiiyrT2hNY01k0ktJjfBL+OJus=,3 txns. Pact : Farms : Stake LP Tokens
2023-08-04 17:26:16,,FFCC,0.,,,,,4IYIFRPW4CESWT3KRJVMEHIBDWMHVBSXPSPOTLR6WPRJBK7T4CWQ,Asset Opt in/out
2023-08-04 17:26:33,,TMPOOL2,0.,,,,,T2K3HWN3TQUIHNQY4R6WWEDQHILQTIXHBRQNWUTRYI7C6VQDRASQ,Asset Opt in/out
2023-08-04 17:26:33,,TMPOOL2,0.,,,,,NU2J26W5NW6M2VLLWJN624V66VKHWJ2PTC27K6VKHUQNQIELVZ2A,Asset Opt in/out
2023-08-04 17:26:36,,TMPOOL2,0.,,,,,T7Z5A6OVQUJB4F3WWU7POWWBUNNUGISCWGBA36AAE6UWPC6Y7W5Q,Asset Opt in/out
2023-08-04 17:26:39,,TMPOOL2,0.,,,,,NO5ZRJCPU3AT6XVOBAZGSCLB2CNSVWCI2MFKK2HLDJIG4IZZU2IA,Asset Opt in/out
2023-08-04 17:26:39,,TMPOOL2,0.,,,,,J2YEWXB4WY5GSH3NHU6CBLVW6LAOYJMIRVT7JULX5AYBPJRRG3HQ,Asset Opt in/out
2023-08-04 17:26:46,,TMPOOL2,0.,,,,,3EAECBCO6HTNIVUWOGDPAY7EHLVCZJCDVA4UBA5MVHDBYSK3NCWQ,Asset Opt in/out
2023-08-06 19:25:06,,,,PLAUS,1.,ALGO,0.003,l41ku0cUrv1TBUJv4mquWqMBaD6s/sXqQjhTcIyP8uc=,3 txns. 
2023-08-06 19:41:08,,,,,,ALGO,0.001,KDBOV44BZ6Z2MRRGSMYLQ4O4TGDWF5NEIGAVDZ7HNCNUHN3KSFBA,Sender
2023-08-06 19:41:14,,STBL2,0.688154,ALGO,6.2778,ALGO,0.002,HOchiLNejGQK/j5OP5X/08+AOsspOz3kpBnCg/9wLVE=,4 txns. Tinyman : Tinyman AMM v1/1.1 : Swap (Sell)
2023-08-06 19:41:14,,ALGO,0.002,,,,,Combo 2 HOchiLNejGQK/j5OP5X/08+AOsspOz3kpBnCg/9wLVE=,4 txns. Tinyman : Tinyman AMM v1/1.1 : Swap (Sell)
2023-08-06 19:41:21,,ALGO,0.03141,,,ALGO,0.001,YLYWD5IZEIFUQWVZRPYNCYGJXCQILNSV7F77DXFAZNOTOHN4I3AA,Sender
2023-08-06 19:41:21,,ALGO,0.002,ALGO,0.063417,ALGO,0.001,39yXhzqoDDpZBAZKFgnNvARu5ffsuITnGZs+Az0rAII=,3 txns. Tinyman : Tinyman AMM v1/1.1 : Redeem Slippage
2023-08-06 20:18:15,,AKTA,4606.896233,ALGO,17.650963,ALGO,0.003,nQIbkNWotlcfNrfVebnq4Ge3e58LpSbh/+An3sfWGCE=,2 txns. Humble Swap : appDB match : 523683256/ALGO Liquidity Pool
2023-08-06 20:18:22,,ALGO,0.042632,,,ALGO,0.001,VXCMLA5BNA3TKPRTVE62S2O2OB2BRFBEULPQSMKVDHS4Q6HDDW2A,Sender
2023-08-06 20:19:06,,,,COOP,0.218617,ALGO,0.002,y7/Uk11SbaOf4SVz3G/YOKvQYSldlITL+7st956a6UE=,2 txns. Tinyman : Tinyman Staking : Claim
2023-08-06 20:19:16,,,,ALGO,0.141652,ALGO,0.002,d+g8/v96W979pDAgqlGl7xFYfrLkyzmMDU+xtI8//V4=,2 txns. Tinyman : Tinyman Staking : Claim
2023-08-06 20:19:47,,,,ALGO,23.55507,ALGO,0.004,98SG4QAZYibYAJouUheUGHzCMRp2MKT1iRP+VJBtDv8=,2 txns. Tinyman : Tinyman AMM v2 : Remove Liquidity
2023-08-06 20:19:47,,TMPOOL2,42.055262,COOP,124.538236,,,Combo 2 98SG4QAZYibYAJouUheUGHzCMRp2MKT1iRP+VJBtDv8=,2 txns. Tinyman : Tinyman AMM v2 : Remove Liquidity
2023-08-06 20:23:21,,ALGO,1.,AOG0393,1.,ALGO,0.004,na5PW+vX+ERnbwZWAeITNtpmlTCtilM8M2+ZtV2Rjfs=,5 txns. 
2023-08-06 20:23:21,,ALGO,46.5,,,,,Combo 2 na5PW+vX+ERnbwZWAeITNtpmlTCtilM8M2+ZtV2Rjfs=,5 txns. 
2023-08-06 20:23:21,,ALGO,2.5,,,,,Combo 3 na5PW+vX+ERnbwZWAeITNtpmlTCtilM8M2+ZtV2Rjfs=,5 txns. 
2023-08-10 10:14:17,,X-NFT,0.,,,,,JYSOPX5GNXVUPSEKCUUW7LT2ITD5475UYJYNVPACPQRFLXCWQUGQ,Asset Opt in/out
2023-08-29 04:35:47,,ELBX,1.,,,ALGO,0.002,Po+lV3gJ0y3jU/KO3heaNR7CgYQeh9+Ql8CG1yIBfEU=,2 txns. 
2023-08-29 04:36:24,,,,ERAP5,1.,ALGO,0.003,soc6cKIEI8RlEwnNWJTD3/0y0dLOEkrp4GdwgKXth78=,2 txns. 
2023-08-29 04:37:04,,ELBX,1.,,,ALGO,0.002,3jR0f3aEHWuG040n8QwbSssWKPZ8IcKDR1lCJNrzNo4=,2 txns. 
2023-08-29 04:37:38,,,,PI55,1.,ALGO,0.003,5Gae3OLcP2OIE1IQXD4TZ//SHtffpXR0ixii2arUatk=,2 txns. 
2023-08-29 04:37:55,,ELBX,1.,,,ALGO,0.002,P5BXdfA1nKZvXSySijMBGYpKlniR/5GIX1lWtfgTgNM=,2 txns. 
2023-08-29 04:38:25,,,,ERAP5,1.,ALGO,0.003,puMlOhEFMz14AGnG+0gHa5rU4vfr6VY6Jw7OL9XrN/Q=,2 txns. 
2023-08-29 04:38:42,,ELBX,1.,,,ALGO,0.002,2xfIIhxbnUWFxkLCsqU4RKx2eOrSPuTpr/vUnx+OrTM=,2 txns. 
2023-08-29 04:40:26,,ELBX,1.,,,ALGO,0.002,LFvma+bnWCFU3WoFncWOwd3mYN4GeB1wLbMZYPXkMqA=,2 txns. 
2023-08-29 04:40:57,,,,PS05542,1.,ALGO,0.003,CNAuzeFHiSZrDMjZV2NJmRzfsqhHLcA24yW9SHgPf3o=,2 txns. 
2023-08-29 04:42:24,,,,SMC2712,1.,ALGO,0.003,chvwC8ouzeZasGyZyU3hDWvPYLrjHxTwYswicGuFL+w=,2 txns. 
2023-08-29 04:44:43,,ERAP5,2.,ALGO,50.,ALGO,0.003,qCExdAyxJUz1KSy0Oroni/YJLT4g4ANm3tLyc7np3X4=,2 txns. 
2023-09-01 16:51:09,,ALGO,50.,TMPOOL2,65.106813,ALGO,0.005,xWTqIsEd2FKnkoC6j6QMo+lGQyWFdZxE2jZxZx5KINk=,3 txns. Tinyman : Tinyman AMM v2 : Add Liquidity
2023-09-01 16:51:09,,COOP,124.756853,,,,,Combo 2 xWTqIsEd2FKnkoC6j6QMo+lGQyWFdZxE2jZxZx5KINk=,3 txns. Tinyman : Tinyman AMM v2 : Add Liquidity
2023-09-01 16:51:36,,,,,,ALGO,0.001,QVG76J3MHVMKPVJJ74V6BFZS33HXWBWAM4MUNX2DBEAX3F42RVEQ,Sender
2023-09-01 16:52:03,,,,,,ALGO,0.001,UEXWI25MRHWSDNRQVSHHNOAXJ3ST4DJAKKCBOWNPWXTPKCOGZD3Q,Sender
2023-09-21 16:29:15,,,,ALGO,1.361345,ALGO,0.002,ax4ZROqozBkcmwpKorT1MCfLx2AfZa3zwuxcVj/l/vU=,2 txns. Tinyman : Tinyman Staking : Claim
2023-09-21 16:29:15,,,,COOP,1.945037,ALGO,0.002,0orq2MxY6R2oRBV4/3ckLu5b8ai4dBlgT8KZPT+XFQM=,2 txns. Tinyman : Tinyman Staking : Claim
2023-09-21 16:30:58,,ALGO,1.37,TMPOOL2,1.626338,ALGO,0.005,/hDxmtMTiWukt/DmgeMIB+RzxEC2yFuRwaP9NCFcXs8=,3 txns. Tinyman : Tinyman AMM v2 : Add Liquidity
2023-09-21 16:30:58,,COOP,1.945037,,,,,Combo 2 /hDxmtMTiWukt/DmgeMIB+RzxEC2yFuRwaP9NCFcXs8=,3 txns. Tinyman : Tinyman AMM v2 : Add Liquidity
2023-09-21 16:31:49,,,,,,ALGO,0.001,RGTDO7ZQR6YOU5ZYTZOLGZ2TM6QQL2J2Y4JRGJ6MVMMBVYH2QBPQ,Sender
2023-09-21 16:32:09,,,,,,ALGO,0.001,6UDLLGHTX2J6UKKTUOF4NSIIGWUYEHXL7552HTUXWWAE673YAUUA,Sender
2023-09-23 12:25:31,,ALGO,0.0836,,,ALGO,0.005,3n096iYwPMOAaHYDO6+zBMH0DqqAHEtbwEZebb2rcS4=,9 txns. NFDomains : appDB match : Registry
2023-09-23 12:25:31,,ALGO,0.003,,,,,Combo 2 3n096iYwPMOAaHYDO6+zBMH0DqqAHEtbwEZebb2rcS4=,9 txns. NFDomains : appDB match : Registry
2023-09-23 12:25:31,,ALGO,0.1417,,,,,Combo 3 3n096iYwPMOAaHYDO6+zBMH0DqqAHEtbwEZebb2rcS4=,9 txns. NFDomains : appDB match : Registry
2023-10-13 20:07:33,,,,COOP,2.076063,ALGO,0.002,XL/9Guc2BeKhCUcLW5yu9C+j96RSclS9hH1psQXRbBg=,2 txns. Tinyman : Tinyman Staking : Claim
2023-10-13 20:07:36,,,,ALGO,1.52622,ALGO,0.002,hmuz2Ns0DUS5H3jABVW90LzRRoeyE6rF7Vneqj6xrbo=,2 txns. Tinyman : Tinyman Staking : Claim
2023-10-13 20:08:13,,TMPOOL2,66.733151,COOP,488.681333,ALGO,0.004,smqhJ65NRhzbFvJbFeMEu+1FRr+jcd69VPKFwe05Yb0=,2 txns. Tinyman : Tinyman AMM v2 : Remove Liquidity
2023-10-13 20:08:54,,COOP,245.378698,TMPOOL2,3.278346,ALGO,0.005,/o7p0NOguLeRXrThVxji3PUJxDmuM7BZDkQSegMqkM4=,3 txns. Tinyman : Tinyman AMM v2 : Add Liquidity
2023-10-13 20:09:18,,,,,,ALGO,0.001,BD5ATLTWJMVZZKLWQQAEDKYWCIJO3P2DD7Y3BQIYS22XTAAHJ6ZQ,Sender
2023-10-13 20:09:52,,COOP,245.378698,TMPOOL2,0.768222,ALGO,0.005,QmKEIUEM4z3FCyaGr/VR1FkwXfELxTT3yUAarRiRkbw=,3 txns. Tinyman : Tinyman AMM v2 : Add Liquidity
2023-10-13 20:10:12,,,,,,ALGO,0.001,BBOC66Y4DXQ7VNFPKE2CXEMSUXSPUULDW4ENGDJHQFM5UG3SOHXQ,Sender
2023-10-13 20:12:25,,,,DEFLY,2000.,ALGO,0.016,U3Mrbsebcf2b5dnF8SxzKkhxt33l8VL6DgUEZRZwT9E=,14 txns. Algofi : Staking v1 : Withdraw Stake
2023-10-13 20:12:32,,,,DEFLY,20.018151,ALGO,0.016,gocDu+dTG/nNSRSLHCbuodJKY+Tj+1ZYebS6K+fzblc=,13 txns. Algofi : Staking v1 : Claim Rewards
2023-10-13 20:13:26,,DEFLY,2082.474689,TMPOOL2,118.632358,ALGO,0.005,tLT6BOhr6yNz74ZIbxvwcZz8Ar0bhQr7puWGFfAl054=,3 txns. Tinyman : Tinyman AMM v2 : Add Liquidity
2023-10-13 20:13:43,,,,,,ALGO,0.001,6AA3XMKIFCITGQKYM32T4HTW4LMVLF6AYW6ZIEUW6IDKMN2ZNG2Q,Sender
2023-10-13 20:14:17,,,,,,ALGO,0.001,OY56GGUJDZWSVQHAMWRL42CVOGKY6HUD6GEB4HDROIZ3GQY5AABQ,Sender
2023-10-22 08:07:,,,,COOP,3.822658,ALGO,0.002,kdq5MTYiZlOEftD+kmys+hyAA7b5VV1ZXJ3hK/A6TKo=,2 txns. Tinyman : Tinyman Staking : Claim
2023-10-22 08:07:03,,,,COOP,1.644406,ALGO,0.002,l+5iHnA4aBgZOohGD+1SGnPhhCyQoRnAOJO/NIv06zo=,2 txns. Tinyman : Tinyman Staking : Claim
2023-10-22 08:07:48,,COOP,5.467064,TMPOOL2,0.035949,ALGO,0.005,KF5LZYZDcK3JHx9tRAr0TlhnX8nnvvTZtyEVm67jr14=,3 txns. Tinyman : Tinyman AMM v2 : Add Liquidity
2023-10-22 08:11:42,,WIND,23755.415,COOP,10.666701,ALGO,0.003,sAroz72TuWhCRHcfMdzb4PthiX/yAJd1Zs4Ytu521dI=,2 txns. Tinyman : Tinyman AMM v2 : Swap (Sell)
2023-10-22 08:11:49,,ALGO,0.02631,,,ALGO,0.001,EJ3VVAESMYVUYXANALDXP2ISFM6SM4WNHBTS7YMSDRVZTUYNWFGQ,Sender
2023-10-22 08:13:51,,COOP,10.666701,TMPOOL2,0.070136,ALGO,0.004,xqKPeDpuseodMnE0c5wJR3cNw22yLntvSLcjzZ2d34o=,2 txns. Tinyman : Tinyman AMM v2 : Add Liquidity
2023-10-29 07:34:24,,,,COOP,3.491431,ALGO,0.002,IsJOlJKNw9Cc+/Zg0MXvFz6h53jZ3Cvu6yU9tNTs4Q8=,2 txns. Tinyman : Tinyman Staking : Claim
2023-10-29 07:34:27,,,,COOP,1.673756,ALGO,0.002,xmOhFP/RtxlCt+opNYmXg0hlQ0mkTXY36FpwShLFZ3M=,2 txns. Tinyman : Tinyman Staking : Claim
2023-10-29 07:35:04,,COOP,5.165187,TMPOOL2,0.035495,ALGO,0.004,CHzglYIz/o15LPSxKv9c8uyJpn+lLr/o34P/mLhmFlE=,2 txns. Tinyman : Tinyman AMM v2 : Add Liquidity
2023-10-29 07:35:24,,,,,,ALGO,0.001,VERQRCUM7P4LHO54VXTT3JGL75T2NQFBHZWSIDQSBTLKWAIFE54Q,Sender
2023-11-10 11:08:12,,,,SVTC006C,19.,,,ROFR3OY743EYVR7BEY5UMMZGEDPY5ZBR677CEG543NXG2VAWH6IQ,Receiver
