time,type,sentCurrency,sentQuantity,receivedCurrency,receivedQuantity,feeCurrency,feeQuantity,id,description,txn partner
2022-01-11 08:43:34,Receive,,,ALGO,2.1,,,NHNGOWC7CB7VV4UV2Y7YMP2O5UTBPPR4PCKS346OQIE4BAS3ETCA,Receiver,WXVQR4CFBF3USC5JXFFN5R6MMOZPGOHI3GKZFBU3S5NI5PTKWPBFCPZWZA
2022-01-11 15:13:37,Fee,,,,,ALGO,0.001,ZSH5VT7UU4CYC4VIUW3H463ZQBNABJRLOTMGNBC3O5LPM2MWYBVA,Asset Opt in/out,Algorand Network
2022-01-11 15:13:37,Rewards,,,ALGO,0.00002,,,Sender Rewards - ZSH5VT7UU4CYC4VIUW3H463ZQBNABJRLOTMGNBC3O5LPM2MWYBVA,Network Participation Rewards,Algorand Foundation
2022-01-11 17:57:09,Fee,,,,,ALGO,0.001,X46WIIOMSR7HWJSR7I4UII5TI4OGXQXXLRIPCDOTAW73GOEBLRCQ,Asset Opt in/out,Algorand Network
2022-01-11 17:57:09,Rewards,,,ALGO,0.000008,,,Sender Rewards - X46WIIOMSR7HWJSR7I4UII5TI4OGXQXXLRIPCDOTAW73GOEBLRCQ,Network Participation Rewards,Algorand Foundation
2022-01-12 14:51:43,Fee,,,,,ALGO,0.001,GXFVVBXUZCT4NKADCPX6BQXOO34VZRHTADZQLTMKYKBD5ISLFT3Q,Asset Opt in/out,Algorand Network
2022-01-12 14:51:43,Rewards,,,ALGO,0.000058,,,Sender Rewards - GXFVVBXUZCT4NKADCPX6BQXOO34VZRHTADZQLTMKYKBD5ISLFT3Q,Network Participation Rewards,Algorand Foundation
2022-04-10 18:36:16,Fee,,,,,ALGO,0.001,TH3AEIM322AOT3FVRLMZY7KHLKMMJE4ISV3VWREGVBMCSV5AYQCA,Asset Opt in/out,Algorand Network
2022-04-10 18:36:16,Rewards,,,ALGO,0.002422,,,Sender Rewards - TH3AEIM322AOT3FVRLMZY7KHLKMMJE4ISV3VWREGVBMCSV5AYQCA,Network Participation Rewards,Algorand Foundation
2022-04-10 18:37:52,Fee,,,,,ALGO,0.001,T34MZOC7FUDWLUFJX5GTUUII2SRVMNDH6CLPSOQHF7EZU2VUOUXA,Asset Opt in/out,Algorand Network
2022-04-17 11:33:50,Fee,,,,,ALGO,0.001,56CHCWJQBXCOAUEGX2QWJJ2Z7NSNSETXEDW3CKRXKNWRS3ICWMXQ,Asset Opt in/out,Algorand Network
2022-04-17 11:33:50,Rewards,,,ALGO,0.000024,,,Sender Rewards - 56CHCWJQBXCOAUEGX2QWJJ2Z7NSNSETXEDW3CKRXKNWRS3ICWMXQ,Network Participation Rewards,Algorand Foundation
2022-05-10 04:03:24,Receive,,,ALGO,2.,,,P27VWJ6ARFQON7CU5GOU7EYVYJXGEC4CRYKPXTKRVPK6CZOJMYIQ,Receiver,5WQLAJUY66FPIT2XL2HPWXHJIK2BGVWWHO5P7SLR575SQPVCOTGSYMTMPY
2022-05-10 04:03:24,Rewards,,,ALGO,0.000076,,,Receiver Rewards - P27VWJ6ARFQON7CU5GOU7EYVYJXGEC4CRYKPXTKRVPK6CZOJMYIQ,Network Participation Rewards,Algorand Foundation
2022-06-04 18:31:39,Send,ALGO,2.,,,ALGO,0.001,5YRZ6AWHPX6LENKQ5J4KV7F3UCQ757VPHPRW76SIWFB2QWKV74IA,Sender,SLASHDABBEUIM3ZBALEZCV5UXGF67TXU4H25UU6BILRIMA6EJ4ZJ2BATOM
2022-06-04 18:31:39,Rewards,,,ALGO,0.000028,,,Sender Rewards - 5YRZ6AWHPX6LENKQ5J4KV7F3UCQ757VPHPRW76SIWFB2QWKV74IA,Network Participation Rewards,Algorand Foundation
2022-06-04 18:41:12,Receive,,,ALGO,5.,,,J5WOHAQ2N3JAZRCBZ5J5JJIVRS6EQTCP6EM27TPEXHI6M2R6WN3A,Receiver,WXVQR4CFBF3USC5JXFFN5R6MMOZPGOHI3GKZFBU3S5NI5PTKWPBFCPZWZA
2022-06-04 18:43:18,Fee,,,,,ALGO,0.001,BOI777TTQBSXG5L6ZGFSA75YTYAT7BOAAFKSDQWBZVWDRUZYW7UQ,Sender,Algorand Network
2022-06-04 18:44:32,Fee,,,,,ALGO,0.001,U7XX76PMWENSTVGRN5NNDVBS3Q4Z27KJSYUBCKFUGQMQVQ7HPMLA,Asset Opt in/out,Algorand Network
2022-06-04 18:45:11,Swap,ALGO,0.1,YLDY,35.839644,ALGO,0.004,Combined Group - TF+8biA9fNL+fyUBWRO9/FHGZDrFUH6aGV9s8RKuywM=,4 txns. Tinyman : Tinyman AMM v1/1.1 : Swap (Sell),Tinyman
2022-06-04 18:45:33,Receive Slippage,,,YLDY,0.362016,ALGO,0.003,Combined Group - jUNkiYamV7ORp9DbhTcS25DOtMQSkomV7rkna1q538o=,3 txns. Tinyman : Tinyman AMM v1/1.1 : Redeem Slippage,Tinyman
2022-06-04 18:45:54,Fee,,,,,ALGO,0.001,4IG4DB753EBCYWQY7CO4ROZYRMSOK3ZPGAFJHGQLX2AGF4S3CEAA,Asset Opt in/out,Algorand Network
2022-06-04 18:46:20,Add Liquidity,YLDY,36.201657,,,,,(Group- B0KST...) - NNZT6SXWVB3WKDPT6XA2AZNXTPWPJEFNPS2KRARQQBXDD7DNHF4A,5 txns. Tinyman : Tinyman AMM v1/1.1 : Add Liquidity ,Tinyman
2022-06-04 18:46:20,Add Liquidity,ALGO,0.0997,,,,,(Group- B0KST...) - YTHMXOFNW5R6CDLMNXJNNYG7Z5HUX7XKUFJXTYBV5AOUZI2GHAZA,5 txns. Tinyman : Tinyman AMM v1/1.1 : Add Liquidity ,Tinyman
2022-06-04 18:46:20,Receive LP Tokens,,,YLDY/ALGO LP Token,1.475949,ALGO,0.005,Combined Group - B0KSTQ5lJ2G4Zjzd/K1fJgSPg62BNO/jWs78wjkQeMc=,5 txns. Tinyman : Tinyman AMM v1/1.1 : Add Liquidity,Tinyman
2022-06-04 18:46:38,Receive Slippage,,,YLDY/ALGO LP Token,0.014909,ALGO,0.003,Combined Group - CQE9QtLKS9a6oJr/z70qOyY/NnTCOKTnvI8FM228oyk=,3 txns. Tinyman : Tinyman AMM v1/1.1 : Redeem Slippage,Tinyman
2022-06-04 18:50:45,Swap,ALGO,1.,goMINT,8.03323,ALGO,0.004,Combined Group - +NfRRdfhExu91LWo0fi++PTYwWqMyQ9w+aAz7G5USkQ=,3 txns. Pact : Pact Swap : Swap,Pact
2022-06-04 18:54:09,Swap,goMINT,4.026654,ALGO,0.499882,,,Swap Row - Combined Group - s0Nsmh2bXt5LLrGE1836o42wmz1fJ2sTXwrpVqohKT4=,"8 txns. Algofi : AMM : Swap (Sell), Add Liquidity",Algofi
2022-06-04 18:54:09,Add Liquidity,ALGO,0.499892,,,,,(Group- s0Nsm...) - OPEB5CTDUXRSTTHHZLITWNPJNVJZ6X2KGKSEJZJCVWPY6E77RCHQ,"8 txns. Algofi : AMM : Swap (Sell), Add Liquidity ",Algofi
2022-06-04 18:54:09,Add Liquidity,goMINT,4.006576,,,,,(Group- s0Nsm...) - RWFT36W5TEW5VRKSSFF3LBLGNX2XZKI6VHXSWRNY3VY4GLY4ZYUA,"8 txns. Algofi : AMM : Swap (Sell), Add Liquidity ",Algofi
2022-06-04 18:54:09,Receive LP Tokens,,,goMINT/ALGO LP Token,1.409847,ALGO,0.011,Combined Group - s0Nsmh2bXt5LLrGE1836o42wmz1fJ2sTXwrpVqohKT4=,"8 txns. Algofi : AMM : Swap (Sell), Add Liquidity",Algofi
2022-06-04 18:54:09,Receive Slippage,,,ALGO,0.001255,,,(Group- s0Nsm...) - InnerTxn #1 - MYOKM...,"8 txns. Algofi : AMM : Swap (Sell), Add Liquidity ",Algofi
2022-06-04 19:03:39,Send,ALGO,1.38,,,,,(Group- PSUxD...) - 226YKMUCHTVNWB2CRHWMFQTUOCUN3RTL2LYKEQ7AQ34EXFOLUDTQ,5 txns. AlgoDEX : appDB match : Sell (Order book) ,ALGXS4BP2CPA3SCKFZ2IKU77Q3TWU6GSU2XYXBBX5A25DQ6HAOQHXVYKZ4
2022-06-04 19:03:39,Receive,,,ALGX,98.578469,,,(Group- PSUxD...) - NNZHTRIO4FS6NH432OEDLV25GIDUOFCFIUF6UR5KVJEZLD3WE7PQ,5 txns. AlgoDEX : appDB match : Sell (Order book) ,6DXT44O4WXIALW5BU7CJAVTRSW2X5KGBO5KOYJ4QCKNOQYHPRZBGZU4YFI
2022-06-04 19:03:39,Send,ALGO,0.002,,,,,(Group- PSUxD...) - 3TWAVVYK3IRYGSXHDNRHBWKZYYANTSONYSH4VASERUF4SUS37J5A,5 txns. AlgoDEX : appDB match : Sell (Order book) ,6DXT44O4WXIALW5BU7CJAVTRSW2X5KGBO5KOYJ4QCKNOQYHPRZBGZU4YFI
2022-06-04 19:03:39,Fee,,,,,ALGO,0.003,Group Combined Fees - PSUxDR0kvSxvaKhj5eMrNR39GxNyOECD4FM4D8Q7ZOg=,5 txns. AlgoDEX : appDB match : Sell (Order book),Algorand Network
2022-06-04 19:07:08,Receive,,,ALGO,0.117542,,,(Group- 6D8na...) - 5DOFTFBWB4G43P4OGHWNQKT45LZ3WHTEWKLR7Z7WELHJO2BOOFDA,4 txns. AlgoDEX : appDB match : Buy (Order book) ,QUVZE6KNJ5XTEPRCO5TORFFX634ONRSMJEIIALISNGCWDUYRHS5K5IRRY4
2022-06-04 19:07:08,Send,ALGX,8.578469,,,,,(Group- 6D8na...) - 2WL7BU2QKDN2OMFEJ7RVXFKIGICRO5KZGLQA3Y72MC2NMQU3F7OA,4 txns. AlgoDEX : appDB match : Buy (Order book) ,TKVLWD7YWACPDT23XUIKFXHFWKN4VQADGERRGAGQ4QTIWG777MFGPEON5A
2022-06-04 19:07:08,Send,ALGO,0.002,,,,,(Group- 6D8na...) - R7UVA3HT234NNDX3GRDIOSUQY7GUQITNWUELG5QKKQZLKH5JT3HQ,4 txns. AlgoDEX : appDB match : Buy (Order book) ,QUVZE6KNJ5XTEPRCO5TORFFX634ONRSMJEIIALISNGCWDUYRHS5K5IRRY4
2022-06-04 19:07:08,Fee,,,,,ALGO,0.002,Group Combined Fees - 6D8naC2Lh6hrv0OFPtHcPQ9/2WHcUjbOui4YLWldebc=,4 txns. AlgoDEX : appDB match : Buy (Order book),Algorand Network
2022-06-04 19:11:41,Swap,ALGO,1.377212,STKE,100.,ALGO,0.006,Combined Group - jg9BGWTOnwdai2wSPAEdQguJUb2Hi4aEUXQ2NaLGYfE=,4 txns. Algofi : AMM : Swap (Buy),Algofi
2022-06-04 19:11:41,Receive Slippage,,,ALGO,0.006849,,,(Group- jg9BG...) - InnerTxn #1 - FJAPM...,4 txns. Algofi : AMM : Swap (Buy) ,Algofi
2022-06-04 19:13:08,Send,,,,,ALGO,0.001,MUYYD6Z3DIBP74OUEX7WKUMKAN2NXPW4TXT72NQVY3TEIDGJCOOA,Sender,AlgoStake - Airdrop wallet
2022-06-05 09:21:19,Send,ALGO,0.5,,,,,(Group- Z/Q0U...) - JIBCQEL55RLDMNLXQRF7MTZJPTQQANAJ6UD5M3ORUSZ55XYGGRXQ,2 txns.  ,BJI5IM6OQ7PNRBNU254STJOXXEEQP4DLSFFV55R67P2IIH6COSINHJ6RXQ
2022-06-05 09:21:19,Send,ALGX,10.,,,,,(Group- Z/Q0U...) - CHQSVRRI4OCSMOOFASUHRE42EVUYR5UHIV666YYE2MZSL4MPGZ3A,2 txns.  ,BJI5IM6OQ7PNRBNU254STJOXXEEQP4DLSFFV55R67P2IIH6COSINHJ6RXQ
2022-06-05 09:21:19,Fee,,,,,ALGO,0.002,Group Combined Fees - Z/Q0Un0KkhZL7D8T5E7/uAxhBisAiAWBdhmX+j+dTk0=,2 txns. ,Algorand Network
2022-06-05 09:30:09,Receive,,,ALGO,0.03375,,,(Group- fnNdj...) - 5YWQR3FP27LJAJLJDS7SXSGLIB72L5H4MSIVK6Q5MYSXFL4H4SQQ,2 txns. AlgoDEX : appDB match : Sell (Order book) ,YQRPPRZDQXPI6KP7JLACIZ3HUGXHHQSLJD2W6D7IWOVKUJ7GVQIJD6EJYI
2022-06-05 09:30:09,Receive,,,ALGO,0.03375,,,(Group- 6TDhz...) - AXGDUYGVKA3E4X25RDY2KWVUO3K7DGK4UXFGO5VA3C4VQI5BHIDA,2 txns. AlgoDEX : appDB match : Sell (Order book) ,YQRPPRZDQXPI6KP7JLACIZ3HUGXHHQSLJD2W6D7IWOVKUJ7GVQIJD6EJYI
2022-06-05 09:30:09,Receive,,,ALGO,0.03375,,,(Group- HwYe5...) - FYCWNU56JVYMJUHZFF45DS746OEFTHY5H4WR62J7EJJTEL2HTUDQ,2 txns. AlgoDEX : appDB match : Sell (Order book) ,YQRPPRZDQXPI6KP7JLACIZ3HUGXHHQSLJD2W6D7IWOVKUJ7GVQIJD6EJYI
2022-06-05 09:30:09,Receive,,,ALGO,0.03375,,,(Group- //NPV...) - RB3HMLV5G3I7ETDMWBYXSSE3PO63HHVXBEHUQT7DTNCYROC57OOQ,4 txns. AlgoDEX : appDB match : Sell (Order book) ,YQRPPRZDQXPI6KP7JLACIZ3HUGXHHQSLJD2W6D7IWOVKUJ7GVQIJD6EJYI
2022-06-05 11:39:41,Fee,,,,,ALGO,0.001,EVZUYMI4GYLP7N42JDGK4EF2BG2OV7WECX4UYGCKHYMSNKNODVUA,Asset Opt in/out,Algorand Network
2022-06-05 11:41:04,Swap,ALGO,1.843011,AFD,1000.,ALGO,0.004,Combined Group - WHDFJQ3f1YUFDiE/2q2ZJdw+vODv6DcyMO/X0KCps3w=,4 txns. Tinyman : Tinyman AMM v1/1.1 : Swap (Buy),Tinyman
2022-06-05 11:41:22,Receive Slippage,,,ALGO,0.018245,ALGO,0.003,Combined Group - WbqBm+YFMOlP3wN/2gcKlMX1in2f6oW2MRYnwbe0nCU=,3 txns. Tinyman : Tinyman AMM v1/1.1 : Redeem Slippage,Tinyman
2022-06-06 09:05:41,Airdrop,,,AFD,2.,,,EWEX62RK4IEWBTPKI6ODW4B6WMVX2IG74EUD7E3FW7R4CLOJKQ2A,Receiver,Algorand Faucet Drops - Airdrop wallet
2022-06-07 09:05:41,Airdrop,,,AFD,2.004,,,PFG7T6X2S2W5KUCPKOLBR56O3NVRAIXIWDY4XGXEW6K5R6NJDV3Q,Receiver,Algorand Faucet Drops - Airdrop wallet
2022-06-08 02:11:30,Airdrop,,,STKE,0.22,,,UU2BG77THAYLMHMDL473TQOE433XR5W4L6G3AYQH5L26PNZCYVBA,Receiver,AlgoStake - Airdrop wallet
2022-06-08 09:05:40,Airdrop,,,AFD,2.008008,,,6GQD55GZNGO67YXSSLKEKXANY5OHNUXKPASRMCGRTXGFKRBHWBFA,Receiver,Algorand Faucet Drops - Airdrop wallet
2022-06-09 09:05:37,Airdrop,,,AFD,2.01202401,,,XPPALEA56S4FKAGV4PMQICV3UI3RUJS44GJJQJBQ4RYLMGK24CTA,Receiver,Algorand Faucet Drops - Airdrop wallet
2022-06-10 09:05:39,Airdrop,,,AFD,2.01604806,,,ARE6Y6BG47TOZY7H6IQ4XC4NWE7FOKCVNRLFDBT7ZLPCHTWRMY4A,Receiver,Algorand Faucet Drops - Airdrop wallet
2022-06-10 20:42:28,Receive,,,ALGO,14.98,,,AVJYNWLHI4P56O2OAEE4MGBT3K6IFFXSHLCMGOZEA5UZG4T3ZBKA,Receiver,WXVQR4CFBF3USC5JXFFN5R6MMOZPGOHI3GKZFBU3S5NI5PTKWPBFCPZWZA
2022-06-10 20:46:34,Fee,,,,,ALGO,0.001,JH7EUJOZHCFGNS4NMDQHPHOXIG5KWTKNWQJWP4MRLDMAQGEFVGRA,Sender,Algorand Network
2022-06-10 20:47:34,Staking Deposit,YLDY/ALGO LP Token,1.490858,,,ALGO,0.003,Combined Group - Yy1OaYp+U8fEF1wpH9mIzSbiDM9QIomKANswEbWr6iM=,3 txns. Yieldly : T5 Staking : Deposit,Yieldly
2022-06-11 08:02:03,Receive,,,3YrsALGO,1.,,,(Group- gamSL...) - XD4BDI3EJFAECQDW45O2ZQQSN2FSMZQ2T5TQQRS6V5UOWWLZFPLQ,2 txns.  ,JUNEIIT5R6752NA33UHEVQ5AL6GK4WZ5M6DJGJGVZO6V4ETUFIDOVBCAME
2022-06-11 08:02:03,Fee,,,,,ALGO,0.001,Group Combined Fees - gamSL24VwpNp0jTB/W8CF0KjjQgEqTZDItC4laEQ25A=,2 txns. ,Algorand Network
2022-06-11 08:52:06,Staking Rewards,,,YLDY,0.022576,ALGO,0.003,Combined Group - 2m6T45gWSiBlUXzRp+AjfE+peyCWHeJgbVnW6xUnXaY=,2 txns. Yieldly : T5 Staking : Claim,Yieldly
2022-06-11 08:54:07,Fee,,,,,ALGO,0.001,KAPCV232QGITTBPJ3BRONTAAYF5CIPL4JMF5LUBWZE67QLXNJVYQ,Sender,Algorand Network
2022-06-11 08:54:24,Fee,,,,,ALGO,0.001,I2FK4AVUPIBRDK2KCNQ5OH3GXP4F4GCKFINCRXKICUTPACL7VJCA,Sender,Algorand Network
2022-06-11 08:55:29,Staking Deposit,YLDY,0.022579,,,ALGO,0.003,Combined Group - AWoB3R49GIHfkG8Oi3V2hdkpC3Q/HzYjDtGCpE3Ij5Q=,3 txns. Yieldly : T3 Staking : Deposit,Yieldly
2022-06-11 09:05:40,Airdrop,,,AFD,2.02008016,,,BLHYILDRP26VBABZIZ6MHPMQNGEPZ6V55Q276LAVNFK33MA3WNEA,Receiver,Algorand Faucet Drops - Airdrop wallet
2022-06-11 19:34:50,Staking Withdrawal,,,YLDY/ALGO LP Token,0.1,ALGO,0.003,Combined Group - gYir4063FEk14KmaA9ra0InhOQ8MQfgMjRhmAPfcQZ4=,2 txns. Yieldly : T5 Staking : Withdrawal,Yieldly
2022-06-11 19:38:12,Remove Liquidity,,,YLDY,2.601579,,,(Group- Z+YC2...) - NKFUQ4KXGBPWYJKV7YA6BYI2KQCUJZRICBIWOGSFKGCJZAXIJ5RA,5 txns. Tinyman : Tinyman AMM v1/1.1 : Remove Liquidity ,Tinyman
2022-06-11 19:38:12,Remove Liquidity,,,ALGO,0.006136,,,(Group- Z+YC2...) - 6J56KH5CWMHPNICN5YMX65X4YVUCHET2VIP7BT5ST7ZJ7XQ5D27A,5 txns. Tinyman : Tinyman AMM v1/1.1 : Remove Liquidity ,Tinyman
2022-06-11 19:38:12,Return LP Tokens,YLDY/ALGO LP Token,0.1,,,ALGO,0.005,Combined Group - Z+YC2NY7YDORQcdbsYVh9KNX+lEJreF0HLnuSdAt0oQ=,5 txns. Tinyman : Tinyman AMM v1/1.1 : Remove Liquidity,Tinyman
2022-06-11 19:40:18,Receive Slippage,,,YLDY,0.026279,ALGO,0.003,Combined Group - zR3PJr9C9A2n9qJXwYC/wksLCyuKjc/129+kHXYGn0w=,3 txns. Tinyman : Tinyman AMM v1/1.1 : Redeem Slippage,Tinyman
2022-06-11 19:40:27,Receive Slippage,,,ALGO,0.000062,ALGO,0.003,Combined Group - kwaLRAgyfClSLuSkWFhJYLVN3sC0xqqdD0I61srj0D4=,3 txns. Tinyman : Tinyman AMM v1/1.1 : Redeem Slippage,Tinyman
2022-06-11 19:41:59,Staking Rewards,,,YLDY,0.020282,ALGO,0.003,Combined Group - pqQXNBCmS12LqvcdQGHdgH4gSr6comaBxCOPBwfhoHs=,2 txns. Yieldly : T5 Staking : Claim,Yieldly
2022-06-12 09:05:37,Airdrop,,,AFD,2.02412032,,,UNAYG4ARALRQ7ECUDUPSSGGAIG3JXXLOUVR5TTKZAFOF7FSDCOWQ,Receiver,Algorand Faucet Drops - Airdrop wallet
2022-06-12 09:14:51,Fee,,,,,ALGO,0.001,O4KWARI6PZ26AHBUU3TSS4O3A6IEZBMPYOGAIMZL24QEGV3YRMZA,Asset Opt in/out,Algorand Network
2022-06-12 09:15:12,Swap,ALGO,0.152537,ALGF,10.,ALGO,0.004,Combined Group - ZzB5XTSJLNgxBTaOz5I1dyYN8pq953wksBbwQEq2kEg=,4 txns. Tinyman : Tinyman AMM v1/1.1 : Swap (Buy),Tinyman
2022-06-12 09:15:34,Receive Slippage,,,ALGO,0.001509,ALGO,0.003,Combined Group - d4XqZASqL4YcHVoW3yPSEG8a0MbCT1fmK0856SEaFEw=,3 txns. Tinyman : Tinyman AMM v1/1.1 : Redeem Slippage,Tinyman
2022-06-12 09:16:39,Fee,,,,,ALGO,0.001,GNTLJPYXCMEQYWT33TQFEM77Z6NSVOJFQE4FEKJRHOSFG6RDG6OQ,Sender,Algorand Network
2022-06-12 09:17:31,Staking Deposit,ALGF,10.,,,ALGO,0.002,Combined Group - B1rWxyoLSIJVGMUEbO1ovEgbVCFGlY+uBudjjT4LxZY=,2 txns. AlgoFund : Staking : Deposit,Algofund
2022-06-12 09:20:03,Staking Withdrawal,,,ALGF,0.01,ALGO,0.003,Combined Group - vpZnh6XZdsC8hGsoPQGV332e/JhvW1ep+Phosd1PpEk=,2 txns. AlgoFund : Staking : Withdrawal,Algofund
2022-06-12 19:30:27,Staking Rewards,,,ALGF,0.001714,ALGO,0.003,Combined Group - qoYyISCFfL2RpQ4KLdQhYUb5YJknPfOjRnKTExWVCSg=,2 txns. AlgoFund : Staking : Claim,Algofund
2022-06-12 19:38:41,Fee,,,,,ALGO,0.004,Group Combined Fees - hAxftNPWIaBt0vD4XItaeKdEUGj3AVY3UnexSZjpitA=,4 txns. ,Algorand Network
2022-06-12 19:39:29,Deposit,ALGO,3.199,,,ALGO,0.002,Combined Group - ixh7xXKiP7crcybGivM+tTsiEVrLFNT/UTmM1tMd3fE=,2 txns. Algofi : Lending Market v1 : Initialize Account,Algofi - Initialize Escrow
2022-06-12 19:40:25,Collateral Deposit,ALGO,5.,,,ALGO,0.016,Combined Group - kQWrt813P0KB8nG67DUcsbYBvHZCNW2XRi4PvtQbjjA=,15 txns. Algofi : Lending Market v1 : Mint to Collateral,Algofi
2022-06-12 19:41:25,Borrow,,,STBL,0.1,ALGO,0.015,Combined Group - m6qOMW5lvos/2fBnQvP7bsfrFmmCDTJKmNqofNo9e08=,14 txns. Algofi : Lending Market v1 : Borrow,Algofi
2022-06-13 09:05:39,Airdrop,,,AFD,2.02816856,,,6T47DOAFF37UYLNKJLU6WEAE6RX2JBDCTH6MJDK3QM4PLCGHMWLQ,Receiver,Algorand Faucet Drops - Airdrop wallet
2022-06-14 03:17:42,Receive,,,ALGO,5.,,,ZG2SLY7KHOFPBTNOXNMQBR62XBFH4QIGEQLPKB4ME7FKJDC6YVLQ,Receiver,R6HMZIHUFPPFOOKO2ZBFA3M5ZGZ27ON67BOAIPTPQRPICNV75BWDLNFALE
2022-06-14 09:05:41,Airdrop,,,AFD,2.03222489,,,5K432FYRGKI34ECJUIAWFLHV4G5YMYTDYUN3T5LL5QCUQ5F6D5UQ,Receiver,Algorand Faucet Drops - Airdrop wallet
2022-06-14 18:13:04,Fee,,,,,ALGO,0.001,SXRTABQ3IXSB74EJ3V7UPBEBBYX34EXWIGJ7BJEFQL57R7C5K2YQ,Asset Opt in/out,Algorand Network
2022-06-14 18:13:17,Receive,,,fALGO,0.995646,,,(Group- j1TqM...) - InnerTxn #1 - KIFWL...,2 txns.  ,AV6PFVXWDQ7RVNQYOEXCWXCLXVJ5V57WVMVQZ2TWH4EKTB7GSWKUIAUPXQ
2022-06-14 18:13:17,Send,ALGO,1.,,,,,(Group- j1TqM...) - XWYQVWOQNVFVMSX5EVN6MKNT32RP4QVTJUNTCAOBGFPWA36NMPVQ,2 txns.  ,AV6PFVXWDQ7RVNQYOEXCWXCLXVJ5V57WVMVQZ2TWH4EKTB7GSWKUIAUPXQ
2022-06-14 18:13:17,Fee,,,,,ALGO,0.003,Group Combined Fees - j1TqM6P5BojZqMGnokenyu7Jlk49rROzMEO3buo6ZqY=,2 txns. ,Algorand Network
2022-06-14 18:14:14,Fee,,,,,ALGO,0.001,XAX7MAWLMSNA6KKYOT6MZGLLYYQ75PM23Q5SNEODNT3BOFINIEYQ,Asset Opt in/out,Algorand Network
2022-06-14 18:14:27,Send,ALGO,0.4355,,,,,(Group- 7utZT...) - 73QLZVDL3UOU2R6AAAT63LUTDSD4ZQ7PXO7FIREF7JWI7LKWMHWQ,2 txns.  ,5NZ3X5443EQ4XWKPPQE3JYRLRNQ4HOVIZC4HYRUQJ7SZ2EHTTWKXI2KQRA
2022-06-14 18:14:27,Fee,,,,,ALGO,0.004,Group Combined Fees - 7utZTCBKLFAxgZNAe8vweqiW9FSqteq9dD1Z/1laUzg=,2 txns. ,Algorand Network
2022-06-14 18:14:40,Receive,,,USDt,0.1,,,(Group- hKNB9...) - InnerTxn #1 - 4HMJA...,5 txns. Folks Finance : appDB match : USDt (Pool) ,CO73GSVE53EEHFAKFTVKIJKKYZ52SJ24EJUKCH5ZUMHVIQYLAT7W5QQ2Y4
2022-06-14 18:14:40,Send,fALGO,0.483465,,,,,(Group- hKNB9...) - OO7PGW62A7LMQWI5RWOWKFDQT5KZ7NAUXPPYBWFSSAKFFJ4CGRZA,5 txns. Folks Finance : appDB match : USDt (Pool) ,5NZ3X5443EQ4XWKPPQE3JYRLRNQ4HOVIZC4HYRUQJ7SZ2EHTTWKXI2KQRA
2022-06-14 18:14:40,Fee,,,,,ALGO,0.006,Group Combined Fees - hKNB9wzdmluBxSYsTBzZFlG70d0E7zmkAASuPVqR8Lw=,5 txns. Folks Finance : appDB match : USDt (Pool),Algorand Network
2022-06-14 18:36:27,Receive,,,ALGO,0.100437,,,(Group- iISKn...) - InnerTxn #1 - B4BPT...,2 txns.  ,AV6PFVXWDQ7RVNQYOEXCWXCLXVJ5V57WVMVQZ2TWH4EKTB7GSWKUIAUPXQ
2022-06-14 18:36:27,Send,fALGO,0.1,,,,,(Group- iISKn...) - K4GA3ZBFA4RXVOZWHSURQBOM6TKLZYY45G4UDYOZZYMAXSO4EGSA,2 txns.  ,AV6PFVXWDQ7RVNQYOEXCWXCLXVJ5V57WVMVQZ2TWH4EKTB7GSWKUIAUPXQ
2022-06-14 18:36:27,Fee,,,,,ALGO,0.003,Group Combined Fees - iISKn9xZJfoafT5O3kiYmUzWos+j4Sv/VHgDv0JduwY=,2 txns. ,Algorand Network
2022-06-14 18:37:24,Send,fALGO,0.1,,,ALGO,0.001,TYPFKLWTVWNTZ6KACCBHWH4L6KBYV6JHTCLB7CW3REF52QQJ5E7Q,Sender,5NZ3X5443EQ4XWKPPQE3JYRLRNQ4HOVIZC4HYRUQJ7SZ2EHTTWKXI2KQRA
2022-06-14 18:38:47,Fee,,,,,ALGO,0.001,QX5FGFIGKHKIOEJSW7RZEXU5Y76TWF6ZBUP5LLLGWOHCZ22FKDYA,Asset Opt in/out,Algorand Network
2022-06-14 18:39:04,Receive,,,frUSDt,0.000001,,,(Group- VsRf3...) - InnerTxn #1 - Q4OAU...,4 txns. Folks Finance : appDB match : USDt (Pool) ,CO73GSVE53EEHFAKFTVKIJKKYZ52SJ24EJUKCH5ZUMHVIQYLAT7W5QQ2Y4
2022-06-14 18:39:04,Send,USDt,0.05,,,,,(Group- VsRf3...) - SKVZYOOEAKOXES67CNQ4HT57I76646K6SEH2MKGNSUD7TJW7CO4Q,4 txns. Folks Finance : appDB match : USDt (Pool) ,CO73GSVE53EEHFAKFTVKIJKKYZ52SJ24EJUKCH5ZUMHVIQYLAT7W5QQ2Y4
2022-06-14 18:39:04,Fee,,,,,ALGO,0.008,Group Combined Fees - VsRf3DJ9kiKtKLwle40CKXYjUquLZTE6EJWpu97lUeA=,4 txns. Folks Finance : appDB match : USDt (Pool),Algorand Network
2022-06-14 18:41:24,Send,ALGO,0.33296,,,,,(Group- xFBXD...) - NQVDLRD2P6FRXCK5USFVY4XX2S3G4PAZKPOI3KKC75VO3P7C44IQ,2 txns. Pact : appDB match : USDt/ALGO Liquidity Pool ,Pact - USDt/ALGO Liquidity Pool
2022-06-14 18:41:24,Receive,,,USDt,0.1,,,(Group- xFBXD...) - InnerTxn #1 - GNACV...,2 txns. Pact : appDB match : USDt/ALGO Liquidity Pool ,Pact - USDt/ALGO Liquidity Pool
2022-06-14 18:41:24,Fee,,,,,ALGO,0.003,Group Combined Fees - xFBXDFCuE3ijBAVunDEEh/5yehN+4THfX/Q6d7M4TJE=,2 txns. Pact : appDB match : USDt/ALGO Liquidity Pool,Algorand Network
2022-06-14 18:41:54,Receive,,,frUSDt,0.000001,,,(Group- GbRqS...) - InnerTxn #1 - P6ENB...,4 txns. Folks Finance : appDB match : USDt (Pool) ,CO73GSVE53EEHFAKFTVKIJKKYZ52SJ24EJUKCH5ZUMHVIQYLAT7W5QQ2Y4
2022-06-14 18:41:54,Receive,,,USDt,0.000002,,,(Group- GbRqS...) - InnerTxn #2 - P6ENB...,4 txns. Folks Finance : appDB match : USDt (Pool) ,CO73GSVE53EEHFAKFTVKIJKKYZ52SJ24EJUKCH5ZUMHVIQYLAT7W5QQ2Y4
2022-06-14 18:41:54,Receive,,,fALGO,0.583465,,,(Group- GbRqS...) - InnerTxn #1 - PYK4S...,4 txns. Folks Finance : appDB match : USDt (Pool) ,5NZ3X5443EQ4XWKPPQE3JYRLRNQ4HOVIZC4HYRUQJ7SZ2EHTTWKXI2KQRA
2022-06-14 18:41:54,Send,USDt,0.050004,,,,,(Group- GbRqS...) - JFFTDKPRJC3WNEOLLYO6VACIARMI3G66SV6JUOLNNBT3MFBI4HJA,4 txns. Folks Finance : appDB match : USDt (Pool) ,CO73GSVE53EEHFAKFTVKIJKKYZ52SJ24EJUKCH5ZUMHVIQYLAT7W5QQ2Y4
2022-06-14 18:41:54,Fee,,,,,ALGO,0.008,Group Combined Fees - GbRqSbjFcjmet01AJ3VO6nFwo4Vu24NQwCSrNR7FToA=,4 txns. Folks Finance : appDB match : USDt (Pool),Algorand Network
2022-06-14 19:42:35,Fee,,,,,ALGO,0.001,W7HSG4DC64R7CKBZ7DZVOUDZLUB2LEIB4E7CYTIGLJYYVVHQDJWQ,Asset Opt in/out,Algorand Network
2022-06-14 19:42:53,Receive,,,fUSDt,0.099748,,,(Group- 2iqR1...) - InnerTxn #1 - U3OVP...,2 txns. Folks Finance : appDB match : USDt (Pool) ,CO73GSVE53EEHFAKFTVKIJKKYZ52SJ24EJUKCH5ZUMHVIQYLAT7W5QQ2Y4
2022-06-14 19:42:53,Send,USDt,0.099998,,,,,(Group- 2iqR1...) - GMWR4WWBAN6LFQVTIJIAHQI7B6JCDI22NMWEKVFR2565XCCCEP6Q,2 txns. Folks Finance : appDB match : USDt (Pool) ,CO73GSVE53EEHFAKFTVKIJKKYZ52SJ24EJUKCH5ZUMHVIQYLAT7W5QQ2Y4
2022-06-14 19:42:53,Fee,,,,,ALGO,0.003,Group Combined Fees - 2iqR1j5XSg1Qj/D8cRsUT98ztkFmecn+76xUdY83FjI=,2 txns. Folks Finance : appDB match : USDt (Pool),Algorand Network
2022-06-15 09:05:39,Airdrop,,,AFD,2.03628934,,,UESBCHD5VDV4YQIWNG4ULRT47RARIAIUZJH5GPQB33MIDCSMGR7Q,Receiver,Algorand Faucet Drops - Airdrop wallet
2022-06-15 10:33:17,Airdrop,,,STKE,0.77,,,OD3YSPL3ZXZANZZBEQ4Q4EHZFBV3LECRFYXOREFK6LSIZYIHV77A,Receiver,AlgoStake - Airdrop wallet
2022-06-15 18:58:35,Receive,,,USDt,0.100002,,,(Group- x5Jgg...) - InnerTxn #1 - NYN5H...,2 txns. Folks Finance : appDB match : USDt (Pool) ,CO73GSVE53EEHFAKFTVKIJKKYZ52SJ24EJUKCH5ZUMHVIQYLAT7W5QQ2Y4
2022-06-15 18:58:35,Send,fUSDt,0.099748,,,,,(Group- x5Jgg...) - YVRC3CIBSGSRX5FYVIWJ2XP24A64PGOJJVIROWH4GJZO35TFCEIA,2 txns. Folks Finance : appDB match : USDt (Pool) ,CO73GSVE53EEHFAKFTVKIJKKYZ52SJ24EJUKCH5ZUMHVIQYLAT7W5QQ2Y4
2022-06-15 18:58:35,Fee,,,,,ALGO,0.003,Group Combined Fees - x5Jgg86nn7S9eeIfy7cMJ6vRTkaCOlNiU5HhnxPmXEQ=,2 txns. Folks Finance : appDB match : USDt (Pool),Algorand Network
2022-06-16 09:05:42,Airdrop,,,AFD,2.04036192,,,F3AEJIGYXTIUI6H2JZL2V2RRVZ3KULAJZZOJ4B2TAV67PWGDIDTQ,Receiver,Algorand Faucet Drops - Airdrop wallet
2022-06-17 09:05:40,Airdrop,,,AFD,2.04444265,,,RVYRDOIMA4IYSZMLW3Y2YNO2JW254QWAV5KPYFWJYR6NIECWNS4Q,Receiver,Algorand Faucet Drops - Airdrop wallet
2022-06-18 09:05:38,Airdrop,,,AFD,2.04853153,,,6LHOXYVKMJDPT32J2ADUG2YCU4XILYWZOYHJWURQMIQRZFV2VHCA,Receiver,Algorand Faucet Drops - Airdrop wallet
2022-06-19 09:05:38,Airdrop,,,AFD,2.05262859,,,OJKQYCEQ3TC5UAJZULZ34XLTTOYVMC5OPBBQTPABUT72KEPK35BA,Receiver,Algorand Faucet Drops - Airdrop wallet
2022-06-19 15:17:14,Staking Withdrawal,,,ALGF,9.99,ALGO,0.003,Combined Group - TaARZBsVnsU6DtmbGhuCklGdUUvba7Dkrd9V3TGZdDA=,2 txns. AlgoFund : Staking : Withdrawal,Algofund
2022-06-19 15:17:36,Staking Rewards,,,ALGF,0.026978,ALGO,0.003,Combined Group - nfRK9S3LFMIaHM12K61byb7ql167OQ3NBzKzujkhD3I=,2 txns. AlgoFund : Staking : Claim,Algofund
2022-06-19 15:18:23,Airdrop,,,STKE,0.55,,,BS22KXVRCZLXWF6NZ4GUU5XCA2HIYJAKT5BTAZNWTPMM75YYGTFA,Receiver,AlgoStake - Airdrop wallet
2022-06-19 15:22:34,Staking Rewards,,,YLDY,0.338097,ALGO,0.003,Combined Group - yAdWa6rWRgThah6ZnKa49Dk+pITYyHAh6bchs7QjYHw=,2 txns. Yieldly : T5 Staking : Claim,Yieldly
2022-06-19 15:24:14,Staking Rewards,,,YLDY,0.000053,ALGO,0.006,Combined Group - +ch4M/3PylO0tDwk9alG4hFdz5/q9hOQgQ7/XJw25vg=,6 txns. Yieldly : T3 Staking : Claim,Yieldly
2022-06-19 15:25:11,Staking Deposit,YLDY,2.98629,,,ALGO,0.003,Combined Group - +Vd56HwCG/A5QglGoVCx6V55HBuNQGqkrOIAr3WQ7FM=,3 txns. Yieldly : T3 Staking : Deposit,Yieldly
2022-06-19 18:06:08,Swap,ALGO,0.078272,goBTC,0.00000123,ALGO,0.003,Combined Group - CvARD13Orm8SqY+2N+OT3+TQX8XeljnoJUkVQU9TUjY=,2 txns. Pact : Pact Swap : Swap,Pact
2022-06-19 18:06:47,Collateral Deposit,goBTC,0.00000123,,,ALGO,0.016,Combined Group - OXH4DD1er9WWWdGATrgfXrRSKuWw9zfK7KJxiQHfDDQ=,15 txns. Algofi : Lending Market v1 : Mint to Collateral,Algofi
2022-06-20 09:05:37,Airdrop,,,AFD,2.05673385,,,WA5UCNWUYMFSBQMBGBGHDTL2DWXUMSZYQX4A42YDXYOH5E6WMPGA,Receiver,Algorand Faucet Drops - Airdrop wallet
2022-06-21 09:05:39,Airdrop,,,AFD,2.06084732,,,LFWM7WIFAP5PWY6YLENUJ3ETOD7ZJRGHIJLGYHEERQPQBXPNQYIQ,Receiver,Algorand Faucet Drops - Airdrop wallet
2022-06-22 09:05:38,Airdrop,,,AFD,2.06496901,,,PUTGT6GGKV4S5VVL7FX5B2HU4JDZECUIOMGK7SZYZFALHPN3MDCA,Receiver,Algorand Faucet Drops - Airdrop wallet
2022-06-23 09:05:41,Airdrop,,,AFD,2.06909895,,,DKFKERAIVY7YYO77ADP4LVUFU3PMFYXFSYKZT36WJZEYEZT6ZN6Q,Receiver,Algorand Faucet Drops - Airdrop wallet
2022-06-24 09:05:41,Airdrop,,,AFD,2.07323715,,,GGGHZEOTCJEHDUGBGU5NXNZTQCHQ6RQJGOGQBI4XVPF2XSEKOIFA,Receiver,Algorand Faucet Drops - Airdrop wallet
2022-06-25 07:14:32,Staking Rewards,,,YLDY,0.260848,ALGO,0.004,Combined Group - wRincV4iAP9u3nSjdQaOIA8RoiufikUhwSsIjYneCYk=,2 txns. Yieldly : T5 Staking : Close out,Yieldly
2022-06-25 07:14:32,Staking Withdrawal,,,YLDY/ALGO LP Token,1.390858,,,(Group- wRinc...) - InnerTxn #1 - K2ZLS...,2 txns. Yieldly : T5 Staking : Close out ,Yieldly
2022-06-25 07:15:25,Staking Withdrawal,,,YLDY,3.008869,ALGO,0.004,Combined Group - OdFamt7gWifRardUBVGeV/d91fjokfey/4FuBPc1niw=,4 txns. Yieldly : T3 Staking : Withdrawal,Yieldly
2022-06-25 07:15:42,Staking Rewards,,,YLDY,0.004053,ALGO,0.006,Combined Group - x92xilV41VMHwtXaF9jN+eQE6gNEiRgxc1IelKOxnGM=,6 txns. Yieldly : T3 Staking : Claim,Yieldly
2022-06-25 07:16:57,Remove Liquidity,,,YLDY,39.806888,,,(Group- UO4+9...) - YBIFD4YF2ES26DQDSDBMY6ZXGPZPMJA7VHAYE35YLYF72TZT4GZQ,5 txns. Tinyman : Tinyman AMM v1/1.1 : Remove Liquidity ,Tinyman
2022-06-25 07:16:57,Remove Liquidity,,,ALGO,0.07814,,,(Group- UO4+9...) - ZED6EQWYXLO4J3KX64SVSWIH6OCIYDFCDLNKERN2ILKHUT6GGDZA,5 txns. Tinyman : Tinyman AMM v1/1.1 : Remove Liquidity ,Tinyman
2022-06-25 07:16:57,Return LP Tokens,YLDY/ALGO LP Token,1.390858,,,ALGO,0.005,Combined Group - UO4+9aPaQlPVKtaD8SieiAzyO5Xge+f0sLtZnNBoDuU=,5 txns. Tinyman : Tinyman AMM v1/1.1 : Remove Liquidity,Tinyman
2022-06-25 07:17:50,Swap,YLDY,43.080658,ALGO,0.08347,ALGO,0.004,Combined Group - 8AONPLVgK2PC9PU1RDtuFgD1kPJEv6q80N2+NV6+46I=,4 txns. Tinyman : Tinyman AMM v1/1.1 : Swap (Sell),Tinyman
2022-06-25 07:18:33,Swap,USDt,0.100002,ALGO,0.279178,ALGO,0.004,Combined Group - wjdHJgvADR37yHgB7aF6QvUS0I+pAyf9elvKxGrNLTY=,4 txns. Tinyman : Tinyman AMM v1/1.1 : Swap (Sell),Tinyman
2022-06-25 07:19:26,Swap,ALGX,80.,ALGO,0.910487,ALGO,0.004,Combined Group - rTsN9R/mPdCwezMxTJPKHCL7uhfaaLL3G4Luhs5uWcU=,4 txns. Tinyman : Tinyman AMM v1/1.1 : Swap (Sell),Tinyman
2022-06-25 07:20:14,Airdrop,,,STKE,0.55,,,MGXIF33Q7FQMYKVYSOP4NA2I3SARHK6KKA5NPSDFGY2CBM5SFOCQ,Receiver,AlgoStake - Airdrop wallet
2022-06-25 07:20:53,Swap,STKE,102.09,ALGO,1.091581,ALGO,0.004,Combined Group - h/BakuHdCRYeQWndNKyhL5s4YZtR8VQFz/ML8w7rKi8=,4 txns. Tinyman : Tinyman AMM v1/1.1 : Swap (Sell),Tinyman
2022-06-25 07:21:37,Swap,AFD,1038.69181431,ALGO,1.685823,ALGO,0.004,Combined Group - ZzaBQHnCQArEjdeebaue5isWrFUQhYrygp2U8vojN4I=,4 txns. Tinyman : Tinyman AMM v1/1.1 : Swap (Sell),Tinyman
2022-06-25 07:23:57,Send,,,,,ALGO,0.001,DRBADCQJHC7VTMK2OIL5PZEX6T7YQU76NAXWMM7567LDKEB7HWLA,Sender,SSV6SKTMN3IOJO6SWUAT5ERZOBC5K44CQPOH5O7NSXJLGFGU73WUQ7DPGA
2022-06-25 07:23:57,Send,,,,,ALGO,0.001,GK2PSCNSKSYJZNNABUCKEA5DNIHYJUET2SK4ACRAOG3PJHNSXBJA,Sender,CO73GSVE53EEHFAKFTVKIJKKYZ52SJ24EJUKCH5ZUMHVIQYLAT7W5QQ2Y4
2022-06-25 07:24:50,Receive,,,ALGO,0.900072,,,(Group- 3c8LB...) - InnerTxn #1 - 7BAL5...,2 txns.  ,AV6PFVXWDQ7RVNQYOEXCWXCLXVJ5V57WVMVQZ2TWH4EKTB7GSWKUIAUPXQ
2022-06-25 07:24:50,Send,fALGO,0.895646,,,,,(Group- 3c8LB...) - KCP5WWRNVMCXJQE2QSS5B5VNC2QE2IEXPEWWABSYPMFFOBH4FCQQ,2 txns.  ,AV6PFVXWDQ7RVNQYOEXCWXCLXVJ5V57WVMVQZ2TWH4EKTB7GSWKUIAUPXQ
2022-06-25 07:24:50,Fee,,,,,ALGO,0.003,Group Combined Fees - 3c8LBA/TWDjIrMI01HfIchPmYOBshtW8M6BsYc3IvV4=,2 txns. ,Algorand Network
2022-06-25 07:25:16,Receive,,,ALGO,0.000001,,,(Group- aPOlt...) - InnerTxn #1 - 2RPNZ...,2 txns. Folks Finance : Folks Finance v1 : Rewards Instant ,SQ7E7FKAZ4GC6U2R5TWJGZM5CIYOUWD2L5CGAXPJCY2CJ3YERKYOMKQRCI
2022-06-25 07:25:16,Send,frUSDt,0.000002,,,,,(Group- aPOlt...) - EN7OPA7OORI6ISZ6NR75ZCNSD24RFV7U6Q5PHXIBDGFAQLK7UAAQ,2 txns. Folks Finance : Folks Finance v1 : Rewards Instant ,CO73GSVE53EEHFAKFTVKIJKKYZ52SJ24EJUKCH5ZUMHVIQYLAT7W5QQ2Y4
2022-06-25 07:25:16,Fee,,,,,ALGO,0.003,Group Combined Fees - aPOltq9iyvlkBwJRHt4MYc35L0T6IKkY9Vte94H4idk=,2 txns. Folks Finance : Folks Finance v1 : Rewards Instant,Algorand Network
2022-06-25 07:25:34,Send,,,,,ALGO,0.001,T5WRJ22IDYWOLDJYLFGRD7CIASLXKPWUIMWKKZYAXLO33WLFEYHA,Sender,CO73GSVE53EEHFAKFTVKIJKKYZ52SJ24EJUKCH5ZUMHVIQYLAT7W5QQ2Y4
2022-06-25 07:25:38,Send,,,,,ALGO,0.001,G4AK3NISRSZA5MNMD3FCVSXJJ64VKT3QLZS5X3TMAEDVMGLTTYHA,Sender,XIU7HGGAJ3QOTATPDSIIHPFVKMICXKHMOR2FJKHTVLII4FAOA3CYZQDLG4
2022-06-25 07:25:38,Send,,,,,ALGO,0.001,KA5A7ZH4AEO3TPCOQQBLEMCN4FSIWEWYIMMES36YFRXNHVEBXZWA,Sender,AV6PFVXWDQ7RVNQYOEXCWXCLXVJ5V57WVMVQZ2TWH4EKTB7GSWKUIAUPXQ
2022-06-25 07:25:42,Send,,,,,ALGO,0.001,NE55LIHO4BS36RUKPML33OCSIPHWB7SJADAW6BZOSE5B3AXK3YTQ,Sender,ETGSQKACKC56JWGMDAEP5S2JVQWRKTQUVKCZTMPNUGZLDVCWPY63LSI3H4
2022-06-25 07:25:47,Send,,,,,ALGO,0.001,3MTZ4NIOK6CTAFQXRRPRYETDIGVXH4JTF2YSRMG7EDHKQTVKF5UA,Sender,ETGSQKACKC56JWGMDAEP5S2JVQWRKTQUVKCZTMPNUGZLDVCWPY63LSI3H4
2022-06-25 07:25:47,Send,,,,,ALGO,0.001,RXCUWRCN4XYVOTTJ7HF7LGD5H5A3FXD6RTOGPO6PYCRADQGLMNXQ,Sender,2UEQTE5QDNXPI7M3TU44G6SYKLFWLPQO7EBZM7K7MHMQQMFI4QJPLHQFHM
2022-06-25 07:25:55,Send,,,,,ALGO,0.001,A5LZV7NPGCXN6IC4Q3A7LKNEHYXSOR54KK5VN6OSJNB6YXUMEPHQ,Sender,Algorand Faucet Drops - Airdrop wallet
2022-06-25 07:25:55,Send,,,,,ALGO,0.001,CLX7HPBIZAAS2KWFKGYWJLUFLKJKMM3IO7WF4ST2QXFGTAJYEF4Q,Sender,KD4C65WJYNZIOEOYYUXHYDVVMLSRDCEVCC6LJD7X4A7MHCV4S6U4Q4INRU
2022-06-25 07:26:00,Send,,,,,ALGO,0.001,5OXAADJIZN7D6NHO72ZM6PJ5OPIB6W7XM3XEOSSDGA6FLQBF6D7Q,Sender,ETGSQKACKC56JWGMDAEP5S2JVQWRKTQUVKCZTMPNUGZLDVCWPY63LSI3H4
2022-06-25 07:26:00,Send,,,,,ALGO,0.001,JDJSN7PUU43465VBY6OAY2QOWDJUTJQS727DLA46BPSL5H6WTBBQ,Sender,Tinyman - YLDY/ALGO Liquidity Pool
2022-06-25 07:26:04,Send,,,,,ALGO,0.001,7XQAXUG4CL5LHPUHLUGDSNUOMSDQXC42OXHNSYFO2NFKW4ZHAV7A,Sender,6SSWYFBRAGM5HMCANECPENBJWOV6UM3O54DYGRNK7GRCHU4QW2ZQJUPYNI
2022-06-25 07:28:51,Swap,ALGF,10.028692,ALGO,0.136954,ALGO,0.004,Combined Group - INaJ7kWFXoNiWEzNkVkzKHfMi9oQTPAfZQPuKmM4ADo=,4 txns. Tinyman : Tinyman AMM v1/1.1 : Swap (Sell),Tinyman
2022-06-25 07:29:21,Receive Slippage,,,ALGO,0.010958,ALGO,0.003,Combined Group - L3YUK/wV4TvcMSGv/obxaIJpikTw8sig88rWMz6EF4o=,3 txns. Tinyman : Tinyman AMM v1/1.1 : Redeem Slippage,Tinyman
2022-06-25 07:29:21,Receive Slippage,,,ALGO,0.001633,ALGO,0.003,Combined Group - 6ciVYo6YyBFAMBn9IjdfwDm2bFUrP638yHL2ML8KYsc=,3 txns. Tinyman : Tinyman AMM v1/1.1 : Redeem Slippage,Tinyman
2022-06-25 07:29:21,Receive Slippage,,,ALGO,0.017028,ALGO,0.003,Combined Group - DdQRgoCABW6DBblRaUIhaXPVPO0kiDNw378oonm92OA=,3 txns. Tinyman : Tinyman AMM v1/1.1 : Redeem Slippage,Tinyman
2022-06-25 07:29:21,Receive Slippage,,,ALGO,0.009196,ALGO,0.003,Combined Group - cYD3ZM+prhbJVtRiHmFoiq3erF7bwLrP7z3vcKwfISo=,3 txns. Tinyman : Tinyman AMM v1/1.1 : Redeem Slippage,Tinyman
2022-06-25 07:29:21,Receive Slippage,,,ALGO,0.002819,ALGO,0.003,Combined Group - EOUCA3B+pHWzpDZuZjMSxx7OhwzR1vZsos5RaZlQLFI=,3 txns. Tinyman : Tinyman AMM v1/1.1 : Redeem Slippage,Tinyman
2022-06-25 07:29:21,Receive Slippage,,,ALGO,0.001383,ALGO,0.003,Combined Group - l3LKI3t5zvfpOlHPomJ5YArdB5Iwd15uKjpOqTryPqc=,3 txns. Tinyman : Tinyman AMM v1/1.1 : Redeem Slippage,Tinyman
2022-06-25 07:29:47,Fee,,,,,ALGO,0.001,5ZM5TT4RFBGJLXBYDHKHUMPQXGY4RQSZ6L2VS2N2A7TX6YNDBMTQ,Asset Opt in/out,Algorand Network
2022-06-25 07:30:05,Receive Slippage,,,YLDY,0.40209,ALGO,0.003,Combined Group - iQAHkcmS0C+cjAAd6BdfxFk+D5BUiIPhjbcQ7KyCRdM=,3 txns. Tinyman : Tinyman AMM v1/1.1 : Redeem Slippage,Tinyman
2022-06-25 07:30:31,Swap,YLDY,0.40209,ALGO,0.00078,ALGO,0.004,Combined Group - 4JCajOmfqnEpO7Cs+pVdWGBiI1dwieMXrtq2vglluoc=,4 txns. Tinyman : Tinyman AMM v1/1.1 : Swap (Sell),Tinyman
2022-06-25 07:30:48,Receive Slippage,,,ALGO,0.000007,ALGO,0.003,Combined Group - 1Y3j8zBh2Hr9XZr60HpZV1dqzVF7UDsrc2AGP1HmtoI=,3 txns. Tinyman : Tinyman AMM v1/1.1 : Redeem Slippage,Tinyman
2022-06-25 07:32:16,Collateral Withdrawal,,,ALGO,4.63,ALGO,0.015,Combined Group - w0uq6O1RaN0B36VlFvMySKrKq02pz6jHNKhd8/o0dpw=,14 txns. Algofi : Lending Market v1 : Remove Collateral,Algofi
2022-07-06 04:59:28,Send,ALGO,1.,,,ALGO,0.001,OBUHBR6B6JE56IUCXQIL3S5TZPA2WRRFWEXBVFSGKGZOPXY6S33Q,Sender,QA3JUAAREGMBLMYICNFYLKF3J2RWZQF2QQ6WLB2FTNZXYYWHOT2F65WC5E
2022-07-06 05:17:56,Fee,,,,,ALGO,0.001,YWKNQAJD3ZGHNYOLBOADAWRR5TJVXHIJUARBK3HGET22QAPNKVKA,Asset Opt in/out,Algorand Network
2022-07-06 05:18:13,Receive,,,PEARL,1.,,,RVDG5VG24V6XQBIQ7YRZYG475YBJXVDKHAZTFHLF7SJ3SIUCBAGA,Receiver,QA3JUAAREGMBLMYICNFYLKF3J2RWZQF2QQ6WLB2FTNZXYYWHOT2F65WC5E
2022-07-08 20:09:25,Send,ALGO,1.,,,ALGO,0.001,JX2IA4DVIXBUL54OLLTTCEUKAVHOBSKIBODAJJMXDQUUHMO4FPJA,Sender,QA3JUAAREGMBLMYICNFYLKF3J2RWZQF2QQ6WLB2FTNZXYYWHOT2F65WC5E
2022-07-08 22:13:35,Send,ALGO,14.945479,,,ALGO,0.001,HNHNI5MKK2XX6EBKSMVQKXWVIZ6NLRN472DSULO5SVNIBXCHQIRA,Sender,QA3JUAAREGMBLMYICNFYLKF3J2RWZQF2QQ6WLB2FTNZXYYWHOT2F65WC5E
2023-01-17 21:04:14,Airdrop,,,,,,,HBXECED7DG5FVKUHTQV3OUVX2BQUG5JVCWPTVD6WNZUNGDKHW5QQ,Receiver,Algorand Faucet Drops - Airdrop wallet
